brand,model,price,processor_brand,processor_tier,num_cores,ram_memory,storage_capacity,gpu_brand,is_touch_screen,display_size,os
acer,Acer 16 Predator Neo NH.QLTSI.001 Laptop,39899,intel,core i5,14,16,512,nvidia,FALSE,16,windows
acer,Acer Aspire 3 14 A314-36M Laptop,12194,intel,core i3,8,8,512,intel,FALSE,14,windows
acer,Acer Aspire 3 15 A315-510P Laptop,12536,intel,core i3,8,8,512,intel,FALSE,15.6,windows
acer,Acer Aspire 3 15 A315-510P UN.KDHSI.019 Laptop,11396,intel,core i3,8,8,512,intel,FALSE,15.6,windows
acer,Acer Aspire 3 A315-24P Laptop,10636,amd,ryzen 3,4,8,256,amd,FALSE,15.6,windows
acer,Acer Aspire 3 A315-24P NX.KDESI.003 Laptop,11396,amd,ryzen 3,4,8,512,amd,FALSE,15.6,windows
acer,Acer Aspire 3 A315-24P NX.KDESI.00B Laptop,12536,amd,ryzen 5,4,8,512,amd,FALSE,15.6,windows
acer,Acer Aspire 3 A315-510P Laptop,11392,intel,core i3,8,8,256,intel,FALSE,15.6,windows
acer,Acer Aspire 3 A315-59 NX.K6TSI.00C Laptop,12156,intel,core i3,6,8,512,intel,FALSE,15.6,windows
acer,Acer Aspire 3 NX.KDESI.008 Laptop,11206,amd,ryzen 3,4,8,512,amd,FALSE,15.6,windows
acer,Acer Aspire 3 Spin 14 NX.KENSI.002 Laptop,15766,intel,core i3,8,8,512,intel,FALSE,14,windows
acer,Acer Aspire 5 14 A514-56GM 2023 Gaming Laptop,21656,intel,core i5,10,16,512,nvidia,FALSE,14,windows
acer,Acer Aspire 5 2023 A515-58GM Gaming Laptop,23446,intel,core i5,10,16,512,nvidia,FALSE,15.6,windows
acer,Acer Aspire 5 2023 A515-58M Gaming Laptop,28689,intel,core i7,10,8,512,nvidia,FALSE,15.6,windows
acer,Acer Aspire 5 A514-56M NX.KH6SI.001 Gaming Laptop,21656,intel,core i5,10,16,512,intel,FALSE,14,windows
acer,Acer Aspire 5 A515-56G Laptop,17097,intel,core i5,4,8,512,nvidia,FALSE,15.6,windows
acer,Acer Aspire 5 A515-57 NX.K3JSI.006 Laptop,17856,intel,core i5,10,8,512,intel,FALSE,15.6,windows
acer,Acer Aspire 5 A515-57 UN.K3JSI.013 Laptop,15196,intel,core i3,6,16,512,intel,FALSE,15.6,windows
acer,Acer Aspire 5 A515-57G UN.K9TSI.002 Gaming Laptop,21656,intel,core i5,12,16,512,nvidia,FALSE,15.6,windows
acer,Acer Aspire 5 A515-58GM 15 2023 Gaming Laptop,24319,intel,core i5,8,16,512,nvidia,FALSE,15.6,windows
acer,Acer Aspire 5 A515-58M 2023 Gaming Laptop,16336,intel,core i3,6,8,512,intel,FALSE,15.6,windows
acer,Acer Aspire 5 A515-58M NX.KHFSI.001 Gaming Laptop,21242,intel,core i5,10,8,512,intel,FALSE,15.6,windows
acer,Acer Aspire 5 A515-58M NX.KHFSI.003 Gaming Laptop,16336,intel,core i3,5,8,512,intel,FALSE,15.6,windows
acer,Acer Aspire 5 A515-58M NX.KHGSI.002 Gaming Laptop,21466,intel,core i5,10,16,512,intel,FALSE,15.6,windows
acer,Acer Aspire 5 A515-58P NX.KHJSI.001 Gaming Laptop,15196,intel,core i3,6,8,512,intel,FALSE,15.6,windows
acer,Acer Aspire 5 UN.K3JSI.004 Laptop,17856,intel,core i5,10,12,512,intel,FALSE,15.6,windows
acer,Acer Aspire 7 A715-75G Gaming Laptop,17476,intel,core i5,4,8,512,nvidia,FALSE,15.6,windows
acer,Acer Aspire 7 A715-76G NH.QMESI.002 Gaming Laptop,18236,intel,core i5,8,8,512,nvidia,FALSE,15.6,windows
acer,Acer Aspire 7 A715-76G NH.QMFSI.004 Gaming Laptop,23176,intel,core i5,8,16,512,nvidia,FALSE,15.6,windows
acer,Acer Aspire 7 A715-76G NH.QMYSI.001 Gaming Laptop,20136,intel,core i5,8,8,512,nvidia,FALSE,15.6,windows
acer,Acer Aspire 7 A715-76G UN.QMESI.004 Gaming Laptop,20896,intel,core i5,8,16,512,nvidia,FALSE,15.6,windows
acer,Acer Aspire 7 A715-76G UN.QMYSI.002 Gaming Laptop,21656,intel,core i5,8,16,512,nvidia,FALSE,15.6,windows
acer,Acer Aspire Lite 15 AL15-51 2023  Laptop,17670,intel,core i5,4,16,1024,intel,FALSE,15.6,windows
acer,Acer Aspire Lite 15 AL15-51 Laptop,13296,intel,core i3,2,16,512,intel,FALSE,15.6,windows
acer,Acer Aspire Lite 15 AL15-52 Laptop,13296,intel,core i3,6,16,512,intel,FALSE,15.6,windows
acer,Acer Aspire Lite 2023 AL15-51 Laptop,15009,intel,core i5,4,8,512,intel,FALSE,15.6,windows
acer,Acer Aspire Lite AL15 Laptop,14436,amd,ryzen 5,6,16,512,amd,FALSE,15.6,windows
acer,Acer Aspire Lite AL15-41 Laptop,15124,amd,ryzen 5,6,16,1024,amd,FALSE,15.6,windows
acer,Acer Aspire Lite AL15-51 15 2023 Laptop,17666,intel,core i5,4,8,1024,intel,FALSE,15.6,windows
acer,Acer Aspire Lite AL15-51 2023 Laptop,13676,amd,ryzen 5,6,8,512,amd,FALSE,15.6,windows
acer,Acer Aspire Lite AL15-51 UN.431SI.252 Laptop,11700,intel,core i3,2,8,512,intel,FALSE,15.6,windows
acer,Acer Aspire Lite AL15-52 15 Laptop,17856,intel,core i5,10,16,1024,intel,FALSE,15.6,windows
acer,Acer Aspire Lite AL15-52 2023 Laptop,16339,intel,core i5,10,8,512,intel,FALSE,15.6,windows
acer,Acer Aspire Lite AL15-52 Laptop,12536,intel,core i3,6,8,512,intel,FALSE,15.6,windows
acer,Acer Aspire Vero AV14-52P NX.KJSSI.002 Laptop,22142,intel,core i5,10,16,512,intel,FALSE,14,windows
acer,Acer Aspire Vero AV14-52P NX.KJTSI.002 Laptop,18996,intel,core i3,6,16,512,intel,FALSE,14,windows
acer,Acer Chromebook CB314-3H NX.K04SI.007 Laptop,9686,intel,celeron,2,8,128,intel,FALSE,14,chrome
acer,Acer Chromebook CB314-3H NX.K04SI.008 Laptop,9116,intel,celeron,2,8,64,intel,FALSE,14,chrome
acer,Acer Extensa 15 EX215-33 2023 Laptop,11776,intel,core i3,8,8,512,intel,FALSE,15.6,windows
acer,Acer Extensa 15 EX215-33 Laptop,10636,intel,core i3,8,8,256,intel,FALSE,15.6,windows
acer,Acer Extensa EX214-53 Laptop,15196,intel,core i5,12,8,512,intel,FALSE,14,windows
acer,Acer Nitro 16 AN16-41 Gaming Laptop,49396,amd,ryzen 7,8,16,512,nvidia,FALSE,16,windows
acer,Acer Nitro 5 AN515-46 Gaming Laptop,33816,amd,ryzen 5,6,16,1024,nvidia,FALSE,15.6,windows
acer,Acer Nitro 5 AN515-47 2023 Gaming Laptop,26216,amd,ryzen 5,6,16,512,nvidia,FALSE,15.6,windows
acer,Acer Nitro 5 AN515-47 Gaming Laptop,29598,amd,ryzen 7,8,16,512,nvidia,FALSE,15.6,windows
acer,Acer Nitro 5 AN515-47 NH.QL3SI.001 Gaming Laptop,26219,amd,ryzen 5,6,8,512,nvidia,FALSE,15.6,windows
acer,Acer Nitro 5 AN515-47 NH.QL3SI.003 Gaming Laptop,28690,amd,ryzen 7,8,8,512,nvidia,FALSE,15.6,windows
acer,Acer Nitro 5 AN515-58 NH.QFHSI.008 Gaming Laptop,25649,intel,core i5,8,8,512,nvidia,FALSE,15.6,windows
acer,Acer Nitro 5 AN515-58 NH.QLZSI.001 Gaming Laptop,36096,intel,core i7,10,16,512,nvidia,FALSE,15.6,windows
acer,Acer Nitro 5 AN515-58 UN.QFHSI.002 Gaming Laptop,29069,intel,core i5,12,16,512,nvidia,FALSE,15.6,windows
acer,Acer Nitro 5 AN515-58 UN.QFHSI.026 Gaming Laptop,27356,intel,core i5,8,16,512,nvidia,FALSE,15.6,windows
acer,Acer Nitro V ANV15-51 2023 Gaming Laptop,29636,intel,core i5,8,16,512,nvidia,FALSE,15.6,windows
acer,Acer Nitro V ANV15-51 NH.QNASI.001 Gaming Laptop,25076,intel,core i5,8,8,512,nvidia,FALSE,15.6,windows
acer,Acer One 11 Z8-284 UN.013SI.014 Laptop,13984,intel,celeron,2,8,256,intel,FALSE,11.6,windows
acer,Acer One 14 Business Z2-493 Laptop,11019,amd,ryzen 3,2,8,512,amd,FALSE,14,windows
acer,Acer One 14 Z2-493 Business Laptop,12498,amd,ryzen 5,4,8,512,amd,FALSE,14,windows
acer,Acer One 14 Z8-415 2023 Laptop,15576,intel,core i5,4,16,512,intel,FALSE,14,windows
acer,Acer One 14 Z8-415 Laptop,15196,intel,core i5,4,8,512,intel,FALSE,14,windows
acer,Acer One 14 Z8-415UN.599SI.009 Laptop,11396,intel,core i3,2,8,256,intel,FALSE,14,windows
acer,Acer Predator 16 NH.QLUSI.005 Laptop,60796,intel,core i9,24,16,1024,nvidia,FALSE,16,windows
acer,Acer Predator Helios 16 Laptop,94996,intel,core i9,24,32,1024,nvidia,FALSE,16,windows
acer,Acer Predator Helios 16 NH.QJRSI.003 Laptop,70299,intel,core i9,24,16,1024,nvidia,FALSE,16,windows
acer,Acer Predator Helios 16 PH16-71 Gaming Laptop,54492,intel,core i7,16,16,512,nvidia,FALSE,16,windows
acer,Acer Predator Helios 16 PH16-71 Laptop,76034,intel,core i7,16,32,1024,nvidia,FALSE,16,windows
acer,Acer Predator Helios Neo 16 2023 PHN16-71 Gaming Laptop,68396,intel,core i9,24,16,1024,nvidia,FALSE,16,windows
acer,Acer Predator Helios Neo 16 NH.QLTSI.001 Laptop,39896,intel,core i5,14,16,512,nvidia,FALSE,16,windows
acer,Acer Predator Helios Neo 16 NH.QLTSI.002 Laptop,43696,intel,core i7,16,16,512,nvidia,FALSE,16,windows
acer,Acer Predator Helios Neo 16 PHN16-71 2023 Gaming Laptop,54339,intel,core i7,16,16,1024,nvidia,FALSE,16,windows
acer,Acer Predator Helios Neo 16 PHN16-71 Gaming Laptop,45596,intel,core i7,16,16,1024,nvidia,FALSE,16,windows
acer,Acer Predator Helios Neo 16 PHN16-71 Laptop,45596,intel,core i7,16,16,512,nvidia,FALSE,16,windows
acer,Acer Swift Go 14 SFG14-41 NX.KG3SI.003 Laptop,22416,amd,ryzen 5,6,16,512,amd,FALSE,14,windows
acer,Acer Swift Go NXKPZSI002 Laptop,27736,intel,core i5,12,16,512,intel,FALSE,14,windows
acer,Acer TMP214-41-G3 UN.VSQSI.006 Notebook,15956,amd,ryzen 5,6,8,512,amd,FALSE,14,windows
acer,Acer TMP214-41-G3 UN.VSQSI.007 Notebook,14056,amd,ryzen 5,6,16,512,amd,FALSE,14,windows
acer,Acer TravelMate P2 TMP214-53 14 Business Laptop,18996,intel,core i7,4,16,512,intel,FALSE,14,windows
acer,Acer TravelMate P2 TMP214-53 Business Laptop,18996,intel,core i7,4,16,1024,intel,FALSE,14,windows
acer,Acer TravelMate TMP214-53 Business Laptop,14816,intel,core i5,4,16,512,intel,FALSE,14,windows
apple,Apple MacBook Air 15 2023 Laptop,45596,apple,m2,8,8,256,apple,FALSE,15.3,mac
apple,Apple MacBook Air 2020 MGND3HN Laptop,26976,apple,m1,8,8,256,apple,FALSE,13.3,mac
apple,Apple MacBook Air 2022 Laptop,39136,apple,m2,8,8,256,apple,FALSE,13.6,mac
apple,Apple MacBook Pro 14 2023 Laptop,75962,apple,m3,11,8,512,apple,FALSE,14.2,mac
apple,Apple MacBook Pro 16 2023 Laptop,151962,apple,m3,16,8,1024,apple,FALSE,16.2,mac
apple,Apple MacBook Pro 2022 Laptop,41796,apple,m2,8,8,256,apple,FALSE,13.3,mac
asus,Asus CX1101CMA-GJ0004 Chromebook,5696,intel,celeron,2,4,32,intel,FALSE,11.6,chrome
asus,Asus Chromebook 14 CX1400CKA-EK0266 Laptop,7976,intel,celeron,2,8,128,intel,FALSE,14,chrome
asus,Asus Chromebook CX1400CKA-EK0257 Laptop,6456,intel,celeron,2,4,64,intel,FALSE,14,chrome
asus,Asus Chromebook CX1400CKA-EK0335 Laptop,7216,intel,celeron,2,4,128,intel,FALSE,14,chrome
asus,Asus Chromebook CX1400FKA-EC0158 Laptop,9785,intel,celeron,2,4,64,intel,TRUE,14,chrome
asus,Asus Chromebook CX1400FKA-EC0168 Laptop,11475,intel,celeron,2,8,128,intel,TRUE,14,chrome
asus,Asus Chromebook CX1500CKA-EJ0241 Laptop,6836,intel,celeron,2,4,64,intel,FALSE,15.6,chrome
asus,Asus Chromebook CX1500CKA-EJ0247 Laptop,12473,intel,celeron,2,8,128,intel,FALSE,15.6,chrome
asus,Asus Chromebook CX1500CKA-EJ0275 Laptop,8736,intel,celeron,2,8,64,intel,FALSE,15.6,chrome
asus,Asus ROG Flow X13 GV301RC-LJ073WS Gaming Laptop,36627,amd,ryzen 9,8,16,1024,nvidia,TRUE,13.4,windows
asus,Asus ROG Flow X13 GV301RC-LJ132WS Gaming Laptop,43156,amd,ryzen 9,8,16,512,nvidia,TRUE,13.4,windows
asus,Asus ROG Flow Z13 2023 GZ301VV-MU014WS Gaming Laptop,79758,intel,core i9,14,16,1024,nvidia,TRUE,13.4,windows
asus,Asus ROG Strix G15 G513RC-HN251WS Gaming Laptop,34956,amd,ryzen 7,8,16,1024,nvidia,FALSE,15.6,windows
asus,Asus ROG Strix G16 2023 G614JI-N4151WS Gaming Laptop,72196,intel,core i9,24,16,1024,nvidia,FALSE,16,windows
asus,Asus ROG Strix G16 2023 G614JJ-N3086WS Gaming Laptop,36096,intel,core i5,10,16,512,nvidia,FALSE,16,windows
asus,Asus ROG Strix G16 2023 G614JJ-N3088WS Gaming Laptop,37996,intel,core i5,10,16,1024,nvidia,FALSE,16,windows
asus,Asus ROG Strix G16 2023 G614JU-N3200WS Gaming Laptop,46165,intel,core i7,14,16,1024,nvidia,FALSE,16,windows
asus,Asus ROG Strix G16 2023 G614JU-N3221WS Gaming Laptop,54874,intel,core i5,10,16,1024,nvidia,FALSE,16,windows
asus,Asus ROG Strix G16 2023 G614JV-N4141WS Gaming Laptop,68396,intel,core i9,24,16,1024,nvidia,FALSE,16,windows
asus,Asus ROG Strix G17 G713RC-HX109WS Gaming Laptop,32751,amd,ryzen 7,8,16,512,nvidia,FALSE,17.3,windows
asus,Asus ROG Strix SCAR 16 2023 G634JZ-N4062WS Gaming Laptop,106396,intel,core i9,24,32,1024,nvidia,FALSE,16,windows
asus,Asus ROG Strix SCAR 16 2023 G634JZ-NM057WS Gaming Laptop,102596,intel,core i9,24,32,1024,nvidia,FALSE,16,windows
asus,Asus ROG Zephyrus G14 2023 GA402NU-N2023WS Gaming Laptop,56996,amd,ryzen 7,8,16,1024,nvidia,FALSE,14,windows
asus,Asus ROG Zephyrus G14 2023 GA402XU-N2045WS Gaming Laptop,53196,amd,ryzen 9,8,16,1024,nvidia,FALSE,14,windows
asus,Asus ROG Zephyrus G14 2023 GA402XV-N2034WS Gaming Laptop,75996,amd,ryzen 9,8,32,1024,nvidia,FALSE,14,windows
asus,Asus ROG Zephyrus G14 2023 GA402XZ-N2020WS Gaming Laptop,99176,amd,ryzen 9,8,32,1024,nvidia,FALSE,14,windows
asus,Asus ROG Zephyrus G14 GA402NJ-L8094WS Gaming Laptop,49396,amd,ryzen 7,8,16,512,nvidia,FALSE,14,windows
asus,Asus ROG Zephyrus G15 2022 GA503RW-LN067WS Gaming Laptop,55096,amd,ryzen 9,8,16,1024,nvidia,FALSE,15.6,windows
asus,Asus ROG Zephyrus G16 2023 GU603ZU-N3023WS Laptop,53955,intel,core i7,14,16,1024,nvidia,FALSE,16,windows
asus,Asus ROG Zephyrus M16 2023 GU604VZ-NM050WS Laptop,94996,intel,core i9,14,32,1024,nvidia,FALSE,16,windows
asus,Asus TUF A15 FA577RM-HQ032WS Laptop,39804,amd,ryzen 7,8,16,1024,nvidia,FALSE,15.6,windows
asus,Asus TUF Gaming A15 2023 FA577XU-LP041WS Gaming Laptop,50156,amd,ryzen 9,8,16,1024,nvidia,FALSE,15.6,windows
asus,Asus TUF Gaming A15 2023 FA577XV-HQ036WS Gaming Laptop,58896,amd,ryzen 9,8,16,1024,nvidia,FALSE,15.6,windows
asus,Asus TUF Gaming A15 FA577NU-LP082W Gaming Laptop,36096,amd,ryzen 7,8,16,512,nvidia,FALSE,15.6,windows
asus,Asus TUF Gaming A16 Advantage Edition FA617XS-N3025WS Gaming Laptop,45596,amd,ryzen 9,8,16,1024,amd,FALSE,15.6,windows
asus,Asus TUF Gaming A17 FA777XU-HX026WS Gaming Laptop,51296,amd,ryzen 9,8,16,1024,nvidia,FALSE,17.3,windows
asus,Asus TUF Gaming F15  FX506HF-HN075W Gaming Laptop,20516,intel,core i5,6,8,512,nvidia,FALSE,15.6,windows
asus,Asus TUF Gaming F15 2022 FX507ZC4-HN115W Gaming Laptop,28595,intel,core i5,12,8,512,nvidia,FALSE,15.6,windows
asus,Asus TUF Gaming F15 2022 FX507ZC4-HN116W Gaming Laptop,32604,intel,core i5,12,16,512,nvidia,FALSE,15.6,windows
asus,Asus TUF Gaming F15 2023 FX507VU-LP083WS Gaming Laptop,48218,intel,core i7,14,16,512,nvidia,FALSE,15.6,windows
asus,Asus TUF Gaming F15 2023 FX507VU-LP091WS Gaming Laptop,50878,intel,core i7,14,16,1024,nvidia,FALSE,15.6,windows
asus,Asus TUF Gaming F15 2023 FX507VV-LP071WS Gaming Laptop,58896,intel,core i9,14,16,1024,nvidia,FALSE,15.6,windows
asus,Asus TUF Gaming F15 2023 FX507ZV-LP094W Gaming Laptop,41416,intel,core i7,14,16,512,nvidia,FALSE,15.6,windows
asus,Asus TUF Gaming F15 90NR0GW1-M00F00 Laptop,34576,intel,core i7,14,16,1024,nvidia,FALSE,15.6,windows
asus,Asus TUF Gaming F15 FX506HE-HN382W Gaming Laptop,27736,intel,core i7,8,16,512,nvidia,FALSE,15.6,windows
asus,Asus TUF Gaming F15 FX506HE-HN385WS Gaming Laptop,28876,intel,core i7,8,16,1024,nvidia,FALSE,15.6,windows
asus,Asus TUF Gaming F15 FX506HF-HN024W Gaming Laptop,18996,intel,core i5,6,8,512,nvidia,FALSE,15.6,windows
asus,Asus TUF Gaming F15 FX506HF-HN025W Gaming Laptop,22036,intel,core i5,6,16,512,nvidia,FALSE,15.6,windows
asus,Asus TUF Gaming F15 FX506HF-HN026W Gaming Laptop,22416,intel,core i5,6,8,1024,nvidia,FALSE,15.6,windows
asus,Asus TUF Gaming F15 FX506HF-HN076W Gaming Laptop,22036,intel,core i5,6,16,512,nvidia,FALSE,15.6,windows
asus,Asus TUF Gaming F15 FX577ZC-HN192W Gaming Laptop,34196,intel,core i7,14,16,1024,nvidia,FALSE,15.6,windows
asus,Asus TUF Gaming F17 FX706HF-HX018W Laptop,21161,intel,core i5,6,8,512,nvidia,FALSE,17.3,windows
asus,Asus TUF Gaming F17 FX706HF-HX019W Laptop,25352,intel,core i5,6,16,512,nvidia,FALSE,17.3,windows
asus,Asus TUF Gaming F17 FX707ZC4-HX048WS Gaming Laptop,32676,intel,core i5,12,8,512,nvidia,FALSE,17.3,windows
asus,Asus TUF Gaming F17 FX707ZC4-HX067W Gaming Laptop,28152,intel,core i5,12,16,512,nvidia,FALSE,17.3,windows
asus,Asus VivoBook 14 2022 X1402ZA-MW511WS Laptop,23788,intel,core i5,12,16,512,intel,TRUE,14,windows
asus,Asus VivoBook 14 2023 X1404VA-NK321WS Laptop,17476,intel,core i3,6,8,512,intel,FALSE,14,windows
asus,Asus VivoBook 14 2023 X1404VA-NK522WS Laptop,22796,intel,core i5,10,8,512,intel,FALSE,14,windows
asus,Asus VivoBook 14 2023 X1404VA-NK541WS Laptop,24316,intel,core i5,10,16,512,intel,FALSE,14,windows
asus,Asus VivoBook 14 2023 X1404ZA-NK321WS Laptop,14283,intel,core i3,6,8,512,intel,FALSE,14,windows
asus,Asus VivoBook 14 X1400EA-EK322WS Notebook,12156,intel,core i3,2,8,512,intel,FALSE,14,windows
asus,Asus VivoBook 14 X1400EA-EK543WS Notebook,17856,intel,core i5,4,16,512,intel,FALSE,14,windows
asus,Asus VivoBook 14 X415EA-EK326WS Notebook,12156,intel,core i3,2,8,512,intel,FALSE,14,windows
asus,Asus VivoBook 14 X415EA-EK344WS Notebook,13676,intel,core i3,2,16,512,intel,FALSE,14,windows
asus,Asus VivoBook 15 X1500EA-EJ311W Laptop,10636,intel,core i3,2,8,256,intel,FALSE,15.6,windows
asus,Asus VivoBook 15 X1500EA-EJ326WS Laptop,12460,intel,core i3,2,8,512,intel,FALSE,15.6,windows
asus,Asus VivoBook 15 X1500EA-EJ3379WS Laptop,11738,intel,core i3,2,8,512,intel,FALSE,15.6,windows
asus,Asus VivoBook 15 X1504ZA-NJ326WS Laptop,15551,intel,core i3,6,8,512,intel,FALSE,15.6,windows
asus,Asus VivoBook 15 X515EA-EJ328WS Laptop,13331,intel,core i3,2,8,512,intel,FALSE,15.6,windows
asus,Asus VivoBook 15 X515EA-EJ342WS Laptop,13676,intel,core i3,2,16,512,intel,FALSE,15.6,windows
asus,Asus VivoBook 15 X515EA-EJ522WS Laptop,16716,intel,core i5,4,8,512,intel,FALSE,15.6,windows
asus,Asus VivoBook 15 X515MA-BR022WS Laptop,10712,intel,celeron,2,8,512,intel,FALSE,15.6,windows
asus,Asus VivoBook 15 X515MA-BR024WS Laptop,11752,intel,celeron,2,8,512,intel,FALSE,15.6,windows
asus,Asus Vivobook 14 OLED 2023 M1405YA-KM541WS Laptop,23522,amd,ryzen 5,6,16,512,amd,FALSE,14,windows
asus,Asus Vivobook 14X 2023 K3405VF-LY541WS Laptop,29115,intel,core i5,12,16,512,nvidia,FALSE,14,windows
asus,Asus Vivobook 14X 90NB11H2-M004D0 Laptop,26596,intel,core i5,8,16,512,nvidia,FALSE,14,windows
asus,Asus Vivobook 14X K3405ZFB-KM541WS Laptop,25836,intel,core i5,8,16,512,nvidia,FALSE,14,windows
asus,Asus Vivobook 14X K3405ZFB-KM752WS Laptop,32676,intel,core i7,10,16,1024,nvidia,FALSE,14,windows
asus,Asus Vivobook 14X OLED 2023 K3405VCB-KM542WS Laptop,35719,intel,core i5,12,16,512,nvidia,FALSE,14,windows
asus,Asus Vivobook 14X OLED 2023 K3405VFB-KM541WS Laptop,34196,intel,core i5,12,16,512,nvidia,FALSE,14,windows
asus,Asus Vivobook 15 2023 X1502VA-NJ541WS Laptop,24696,intel,core i5,12,16,512,intel,FALSE,15.6,windows
asus,Asus Vivobook 15 2023 X1504VA-NJ321WS Laptop,17589,intel,core i3,6,8,512,intel,FALSE,15.6,windows
asus,Asus Vivobook 15 2023 X1504VA-NJ324WS Laptop,16336,intel,core i3,6,8,512,intel,FALSE,15.6,windows
asus,Asus Vivobook 15 2023 X1504VA-NJ523WS Laptop,21276,intel,core i5,10,8,512,intel,FALSE,15.6,windows
asus,Asus Vivobook 15 2023 X1504VA-NJ543WS Laptop,23556,intel,core i5,10,16,512,intel,FALSE,15.6,windows
asus,Asus Vivobook 15 2023 X1504VA-NJ544WS Laptop,24316,intel,core i5,10,16,512,intel,FALSE,15.6,windows
asus,Asus Vivobook 15 M1502QA-EJ742WS Laptop,21656,amd,ryzen 7,8,16,512,amd,FALSE,15.6,windows
asus,Asus Vivobook 15 OLED 2023 M1505YA-LK541WS Laptop,20516,amd,ryzen 5,6,16,512,amd,FALSE,15.6,windows
asus,Asus Vivobook 15 OLED 2023 X1505VA-LK542WS Laptop,28496,intel,core i5,12,16,512,intel,FALSE,15.6,windows
asus,Asus Vivobook 15 OLED 2023 X1505VAU-LK543WS Laptop,28116,intel,core i5,10,16,512,intel,FALSE,15.6,windows
asus,Asus Vivobook 15 Touch X515EA-EZ311WS Laptop,12726,intel,core i3,2,8,512,intel,TRUE,15.6,windows
asus,Asus Vivobook 15 X1502ZA-EJ385WS Laptop,15196,intel,core i3,10,8,512,intel,FALSE,15.6,windows
asus,Asus Vivobook 15 X1502ZA-EJ523WS Laptop,21276,intel,core i5,12,8,512,intel,FALSE,15.6,windows
asus,Asus Vivobook 15 X1502ZA-EJ531WS Laptop,20516,intel,core i5,10,8,512,intel,FALSE,15.6,windows
asus,Asus Vivobook 15 X1502ZA-EJ532WS Laptop,18175,intel,core i5,10,8,512,intel,FALSE,15.6,windows
asus,Asus Vivobook 15 X1502ZA-EJ541WS Laptop,23176,intel,core i5,12,16,512,intel,FALSE,15.6,windows
asus,Asus Vivobook 15 X1502ZA-EJ542WS Laptop,21470,intel,core i5,12,16,512,intel,FALSE,15.6,windows
asus,Asus Vivobook 15 X1502ZA-EJ544WS Laptop,20516,intel,core i5,12,16,512,intel,FALSE,15.6,windows
asus,Asus Vivobook 15 X1502ZA-EJ545WS Laptop,22796,intel,core i5,10,16,512,intel,FALSE,15.6,windows
asus,Asus Vivobook 15 X1502ZA-EJ741WS Laptop,23176,intel,core i7,10,16,512,intel,FALSE,15.6,windows
asus,Asus Vivobook 15 X1502ZA-EJ953WS Laptop,15120,intel,core i3,6,8,512,intel,FALSE,15.6,windows
asus,Asus Vivobook 15 X1502ZA-EJ993WS Laptop,17096,intel,core i3,6,16,512,intel,FALSE,15.6,windows
asus,Asus Vivobook 15 X1504ZA-NJ321WS Laptop,14968,intel,core i3,6,8,512,intel,FALSE,15.6,windows
asus,Asus Vivobook 15 X1504ZA-NJ325WS Laptop,14056,intel,core i3,6,8,512,intel,FALSE,15.6,windows
asus,Asus Vivobook 15 X1504ZA-NJ521WS Laptop,18232,intel,core i5,10,8,512,intel,FALSE,15.6,windows
asus,Asus Vivobook 15 X1504ZA-NJ542WS Laptop,22944,intel,core i5,10,16,512,intel,FALSE,15.6,windows
asus,Asus Vivobook 15 X515EA-EJ542WS Laptop,18806,intel,core i5,4,16,512,intel,FALSE,15.6,windows
asus,Asus Vivobook 15X 2023 K3504VAB-NJ321WS Laptop,15196,intel,core i3,6,8,512,intel,FALSE,15.6,windows
asus,Asus Vivobook 15X 2023 K3504VAB-NJ541WS Laptop,23750,intel,core i5,10,16,512,intel,FALSE,15.6,windows
asus,Asus Vivobook 15X OLED 2023 K3504VA-LK542WS Laptop,25988,intel,core i5,12,16,512,intel,FALSE,15.6,windows
asus,Asus Vivobook 15X OLED 2023 K3504VA-LK552WS Laptop,26976,intel,core i5,12,16,1024,intel,FALSE,15.6,windows
asus,Asus Vivobook 15X OLED M3504YA-LK541WS Laptop,22944,amd,ryzen 5,6,16,512,intel,FALSE,15.6,windows
asus,Asus Vivobook 15X OLED M3504YA-LK552WS Laptop,24696,amd,ryzen 5,6,16,1024,intel,FALSE,15.6,windows
asus,Asus Vivobook 15X OLED M3504YA-LK752WS Laptop,27915,amd,ryzen 7,8,16,1024,amd,FALSE,15.6,windows
asus,Asus Vivobook 16 2023 M1605YA-MB521WS Laptop,18616,amd,ryzen 5,6,8,512,amd,FALSE,16,windows
asus,Asus Vivobook 16 2023 M1605YA-MB541WS Laptop,22796,amd,ryzen 5,6,16,512,amd,FALSE,16,windows
asus,Asus Vivobook 16 2023 M1605YA-MB551WS Laptop,25456,amd,ryzen 5,6,16,1024,amd,FALSE,16,windows
asus,Asus Vivobook 16 2023 M1605YA-MB741WS Laptop,26976,amd,ryzen 7,8,16,512,amd,FALSE,16,windows
asus,Asus Vivobook 16 2023 X1605VA-MB541WS Laptop,26144,intel,core i5,12,16,512,intel,FALSE,16,windows
asus,Asus Vivobook 16 2023 X1605VA-MB947WS Laptop,31041,intel,core i9,14,16,512,intel,FALSE,16,windows
asus,Asus Vivobook 16 2023 X1605VA-MB957WS Laptop,32941,intel,core i9,14,16,1024,intel,FALSE,16,windows
asus,Asus Vivobook 16 2023 X1605VAB-MB544WS Laptop,23936,intel,core i5,10,16,512,intel,FALSE,16,windows
asus,Asus Vivobook 16 2023 X1605ZAB-MB322WS Laptop,16962,intel,core i3,6,8,512,intel,FALSE,16,windows
asus,Asus Vivobook 16 2023 X1605ZAB-MB342WS Laptop,18236,intel,core i3,6,16,512,intel,FALSE,16,windows
asus,Asus Vivobook 16X 2022 M1603QA-MB502WS Laptop,17856,amd,ryzen 5,6,8,512,amd,FALSE,16,windows
asus,Asus Vivobook 16X 2022 M1603QA-MB511WS Laptop,20136,amd,ryzen 5,6,16,512,amd,FALSE,16,windows
asus,Asus Vivobook 16X 2022 M1603QA-MB711WS Laptop,21808,amd,ryzen 7,8,16,512,amd,FALSE,16,windows
asus,Asus Vivobook 16X 2023 K3605VC-MB542WS Laptop,34196,intel,core i5,12,16,512,nvidia,FALSE,16,windows
asus,Asus Vivobook 16X 2023 K3605VC-MB951WS Laptop,42346,intel,core i9,14,16,1024,nvidia,FALSE,16,windows
asus,Asus Vivobook 16X 2023 K3605ZC-MB541WS Laptop,32281,intel,core i5,8,16,512,nvidia,FALSE,16,windows
asus,Asus Vivobook 16X 2023 K3605ZC-MBN741WS Laptop,36096,intel,core i7,10,16,512,nvidia,FALSE,16,windows
asus,Asus Vivobook 16X 2023 K3605ZC-MBN752WS Laptop,37616,intel,core i7,10,16,1024,nvidia,FALSE,16,windows
asus,Asus Vivobook 16X 2023 K3605ZF-MB541WS Laptop,24316,intel,core i5,8,16,512,nvidia,FALSE,16,windows
asus,Asus Vivobook 16X 2023 K3605ZF-MBN524WS Laptop,22036,intel,core i5,8,8,512,nvidia,FALSE,16,windows
asus,Asus Vivobook 16X 2023 K3605ZF-MBN543WS Laptop,24696,intel,core i5,8,16,512,nvidia,FALSE,16,windows
asus,Asus Vivobook 16X 2023 K3605ZF-MBN544WS Laptop,31767,intel,core i5,8,16,512,nvidia,FALSE,16,windows
asus,Asus Vivobook 16X 2023 K3605ZF-MBN741WS Laptop,33820,intel,core i7,10,16,512,nvidia,FALSE,16,windows
asus,Asus Vivobook 16X 2023 K3605ZU-MB541WS Laptop,37996,intel,core i5,8,16,512,nvidia,FALSE,16,windows
asus,Asus Vivobook 16X 2023 K3605ZU-MB741WS Laptop,34222,intel,core i7,10,16,512,nvidia,FALSE,16,windows
asus,Asus Vivobook 16X 2023 K3605ZV-MB741WS Laptop,39896,intel,core i7,10,16,512,nvidia,FALSE,16,windows
asus,Asus Vivobook 16X 2023 K3605ZV-MBN741WS Laptop,43696,intel,core i7,10,16,512,nvidia,FALSE,16,windows
asus,Asus Vivobook 16X K3605VU-MB541WS Laptop,37662,intel,core i5,12,16,512,nvidia,FALSE,16,windows
asus,Asus Vivobook 16X K3605ZC-MBN541WS Laptop,28876,intel,core i5,8,16,512,nvidia,FALSE,16,windows
asus,Asus Vivobook 16X K3605ZC-MBN542WS Laptop,28876,intel,core i5,8,16,512,nvidia,FALSE,16,windows
asus,Asus Vivobook 16X K3605ZU-MBN541WS Laptop,35860,intel,core i5,8,16,512,nvidia,FALSE,16,windows
asus,Asus Vivobook 16X K3605ZU-MBN742WS Laptop,37417,intel,core i7,10,16,512,nvidia,FALSE,16,windows
asus,Asus Vivobook Flip 14 2023 TN3402YAB-LZ522WS Laptop,20896,amd,ryzen 5,6,8,512,amd,TRUE,14,windows
asus,Asus Vivobook Flip 14 2023 TP3402VAB-LZ542WS Laptop,27336,intel,core i5,10,16,512,intel,TRUE,14,windows
asus,Asus Vivobook Go 14 2023 E1404FA-NK322WS Laptop,12232,amd,ryzen 3,4,8,512,amd,FALSE,14,windows
asus,Asus Vivobook Go 14 2023 E1404FA-NK327WS Laptop,12916,amd,ryzen 3,4,8,512,amd,FALSE,14,windows
asus,Asus Vivobook Go 14 2023 E1404FA-NK522WS Laptop,17088,amd,ryzen 5,4,8,512,amd,FALSE,14,windows
asus,Asus Vivobook Go 14 2023 E1404FA-NK542WS Laptop,17362,amd,ryzen 5,4,16,512,amd,FALSE,14,windows
asus,Asus Vivobook Go 14 E1404FA-NK547WS Laptop,18069,amd,ryzen 5,4,8,512,amd,FALSE,14,windows
asus,Asus Vivobook Go 14 E1404GA-NK322WS Laptop,14812,intel,core i3,8,8,512,intel,FALSE,14,windows
asus,Asus Vivobook Go 14 E410KA-EK013W Laptop,10636,intel,celeron,2,8,256,intel,FALSE,14,windows
asus,Asus Vivobook Go 15 2023 E1504FA-NJ522WS Laptop,17096,amd,ryzen 5,4,8,512,amd,FALSE,15.6,windows
asus,Asus Vivobook Go 15 2023 E1504FA-NJ543WS Laptop,18460,amd,ryzen 5,4,16,512,amd,FALSE,15.6,windows
asus,Asus Vivobook Go 15 2023 E1504GA-NJ322WS Laptop,14911,intel,core i3,8,8,512,intel,FALSE,15.6,windows
asus,Asus Vivobook Go 15 E510MA-EJ001W Laptop,9876,intel,celeron,2,4,256,intel,FALSE,15.6,windows
asus,Asus Vivobook Go 15 E510MA-EJ011WS Laptop,10636,intel,celeron,2,8,256,intel,FALSE,15.6,windows
asus,Asus Vivobook Go 15 OLED 2023 E1504FA-LK541WS Laptop,19298,amd,ryzen 5,4,16,512,amd,FALSE,15.6,windows
asus,Asus Vivobook Go 15 OLED 2023 E1504FA-LK545WS Laptop,22416,amd,ryzen 5,4,16,512,amd,FALSE,15.6,windows
asus,Asus Vivobook Go 15 OLED 2023 E1504GA-LK322WS Laptop,16716,intel,core i3,8,8,512,intel,FALSE,15.6,windows
asus,Asus Vivobook Pro 15 M6500QC-HN542WS Laptop,25076,amd,ryzen 5,6,16,512,nvidia,FALSE,15.6,windows
asus,Asus Vivobook Pro 15 M6500QC-HN551WS Laptop,26596,amd,ryzen 5,6,16,1024,nvidia,FALSE,15.6,windows
asus,Asus Vivobook Pro 15 M6500QC-HN742WS Laptop,26216,amd,ryzen 7,8,16,512,nvidia,FALSE,15.6,windows
asus,Asus Vivobook Pro 15 M6500QC-HN751WS Laptop,28116,amd,ryzen 7,8,16,1024,nvidia,FALSE,15.6,windows
asus,Asus Vivobook Pro 15 M6500QC-LK542WS Laptop,26600,amd,ryzen 5,6,16,512,nvidia,FALSE,15.6,windows
asus,Asus Vivobook Pro 15 M6500QC-LK742WS Laptop,29108,amd,ryzen 7,8,16,512,nvidia,FALSE,15.6,windows
asus,Asus Vivobook Pro 15 M6500QF-HN521WS Laptop,22796,amd,ryzen 5,6,8,512,nvidia,FALSE,15.6,windows
asus,Asus Vivobook Pro 15 M6500QF-HN541WS Creator Laptop,22796,amd,ryzen 5,6,16,512,nvidia,FALSE,15.6,windows
asus,Asus Vivobook Pro 15 M6500QF-HN741WS  Laptop,24696,amd,ryzen 7,8,16,512,nvidia,FALSE,15.6,windows
asus,Asus Vivobook Pro 15 M6500QFB-LK541WS Laptop,26596,amd,ryzen 5,6,16,512,nvidia,FALSE,15.6,windows
asus,Asus Vivobook Pro 15 M6500QFB-LK742WS Laptop,27736,amd,ryzen 7,8,16,512,nvidia,FALSE,15.6,windows
asus,Asus Vivobook Pro 15 M6500RC-HN741WS Laptop,27736,amd,ryzen 7,8,16,512,nvidia,FALSE,15.6,windows
asus,Asus Vivobook Pro 15 OLED K6502VU-MA541WS Laptop,43092,intel,core i5,12,16,512,nvidia,FALSE,15.6,windows
asus,Asus Vivobook Pro 15 OLED K6502VU-MA951WS Laptop,61374,intel,core i9,14,16,1024,nvidia,FALSE,15.6,windows
asus,Asus Vivobook Pro 15 OLED M3500QC-L1712WS Laptop,30210,amd,ryzen 7,8,16,1024,nvidia,FALSE,15.6,windows
asus,Asus Vivobook Pro 15 OLED M6500QC-LK541WS Laptop,27208,amd,ryzen 5,6,16,512,nvidia,FALSE,15.6,windows
asus,Asus Vivobook Pro 15 OLED M6500QC-LK741WS Laptop,30388,amd,ryzen 7,8,16,512,nvidia,FALSE,15.6,windows
asus,Asus Vivobook Pro 15 OLED M6500QC-LK751WS Laptop,32870,amd,ryzen 7,8,16,1024,nvidia,FALSE,15.6,windows
asus,Asus Vivobook Pro 16 OLED 2023 K6602VU-LZ542WS Laptop,47496,intel,core i5,12,16,512,nvidia,FALSE,16,windows
asus,Asus Vivobook Pro 16 OLED 2023 K6602VU-LZ952WS Laptop,58896,intel,core i9,14,16,1024,nvidia,FALSE,16,windows
asus,Asus Vivobook S14 Flip 2022 TN3402QA-LZ520WS Laptop,22416,amd,ryzen 5,6,8,512,amd,TRUE,14,windows
asus,Asus Vivobook S14 Flip 2022 TN3402QA-LZ741WS Laptop,26596,amd,ryzen 7,8,16,512,amd,TRUE,14,windows
asus,Asus Vivobook S14 Flip TN3402QA-LZ551WS Laptop,26386,amd,ryzen 5,6,16,1024,amd,TRUE,14,windows
asus,Asus Vivobook S14 Flip TN3402QA-LZ751WS Laptop,28116,amd,ryzen 7,8,16,1024,amd,TRUE,14,windows
asus,Asus Vivobook S14 OLED S3402ZA-KM501WS Laptop,27546,intel,core i5,12,16,512,intel,FALSE,14,windows
asus,Asus Vivobook S15 2022 K3502ZA-KJ542WS Laptop,26596,intel,core i5,12,16,512,intel,FALSE,15.6,windows
asus,Asus Vivobook S15 OLED 2023 K5504VA-LK542WS Laptop,32676,intel,core i5,12,16,512,intel,FALSE,15.6,windows
asus,Asus Vivobook S15 OLED 2023 S5504VA-MA543WS Laptop,30016,intel,core i5,12,16,512,intel,FALSE,15.6,windows
asus,Asus Vivobook S15 OLED 2023 S5504VA-MA554WS Laptop,36214,intel,core i5,12,16,1024,intel,FALSE,15.6,windows
asus,Asus Vivobook S15 OLED 2023 S5504VA-MA741WS Laptop,40276,intel,core i7,14,16,512,intel,FALSE,15.6,windows
asus,Asus Vivobook S15 OLED 2023 S5504VA-MA953WS Laptop,40180,intel,core i9,14,16,1024,intel,FALSE,15.6,windows
asus,Asus Vivobook S15 OLED K3502ZA-L501WS Laptop,26481,intel,core i5,12,16,512,intel,FALSE,15.6,windows
asus,Asus Vivobook S15 OLED K3502ZA-L701WS Laptop,27736,intel,core i7,14,16,512,intel,FALSE,15.6,windows
asus,Asus Zenbook 14 2023 UM3402YA-KP541WS Laptop,25836,amd,ryzen 5,6,16,512,amd,FALSE,14,windows
asus,Asus Zenbook 14 Flip OLED 2023 UP3404VA-KN542WS Laptop,39896,intel,core i5,12,16,512,intel,TRUE,14,windows
asus,Asus Zenbook 14 Flip OLED 2023 UP3404VA-KN742WS Laptop,50160,intel,core i7,12,16,512,intel,TRUE,14,windows
asus,Asus Zenbook 14 Flip OLED 2023 UP3404VA-KN753WS Laptop,49396,intel,core i7,12,16,1024,intel,TRUE,14,windows
asus,Asus Zenbook 14 OLED 2023 UM3402YA-KM551WS Laptop,29636,amd,ryzen 5,6,16,1024,amd,FALSE,14,windows
asus,Asus Zenbook 14 OLED 2023 UX3402VA-KM541WS Laptop,35336,intel,core i5,12,16,512,intel,FALSE,14,windows
asus,Asus Zenbook 14 OLED 2023 UX3402VA-KN541WS Laptop,34671,intel,core i5,12,16,512,intel,TRUE,14,windows
asus,Asus Zenbook 14 OLED 2023 UX3402VA-KN741WS Laptop,44076,intel,core i7,12,16,512,intel,FALSE,14,windows
asus,Asus Zenbook 14X OLED 2023 M5401QA-KM541WS Laptop,25456,amd,ryzen 5,6,16,512,amd,FALSE,14,windows
asus,Asus Zenbook 14X OLED 2023 UM5401QA-KM751WS Laptop,29256,amd,ryzen 7,8,16,1024,amd,FALSE,14,windows
asus,Asus Zenbook 14X OLED 2023 UX5401ZA-KM541WS Laptop,28496,intel,core i5,12,16,512,intel,FALSE,14,windows
asus,Asus Zenbook Flip 14 OLED UP5401ZA-KU541WS Laptop,32296,intel,core i5,12,16,512,intel,TRUE,14,windows
asus,Asus Zenbook Pro 14 Duo OLED 2023 UX8402VU-MZ551WS Laptop,75996,intel,core i5,12,16,1024,nvidia,TRUE,14.5,windows
asus,Asus Zenbook S13 OLED 2023 UX5304VA-NQ542WS Laptop,37236,intel,core i5,10,16,512,intel,FALSE,13.3,windows
dell,Dell 2023 G16-7630 Gaming Laptop,63266,intel,core i7,14,32,1024,nvidia,FALSE,16,windows
dell,Dell 5530 G15 Gaming Laptop,56426,intel,core i9,24,16,1024,nvidia,FALSE,15.6,windows
dell,Dell Alienware M18 R1 2023 Gaming Laptop,171376,intel,core i9,24,4,1024,nvidia,FALSE,18,windows
dell,Dell Alienware M18 R1 Gaming Laptop,140026,intel,core i9,14,32,1024,nvidia,FALSE,18,windows
dell,Dell Alienware X16 Gaming Laptop,172706,intel,core i9,14,32,2048,nvidia,FALSE,16,windows
dell,Dell Alienware X16 R1 2023 Gaming Laptop,123116,intel,core i9,24,32,1024,nvidia,FALSE,16,windows
dell,Dell Alienware X16 R1 Gaming Laptop,147626,intel,core i9,14,32,1024,nvidia,FALSE,16,windows
dell,Dell Alienware m16 2023 Gaming Laptop,71816,amd,ryzen 7,8,16,1024,nvidia,FALSE,16,windows
dell,Dell Alienware m16 Gaming Laptop,113996,amd,ryzen 9,12,32,2048,nvidia,FALSE,16,windows
dell,Dell Alienware x14 R2 2023 Gaming Laptop,85686,intel,core i7,10,32,1024,nvidia,FALSE,14,windows
dell,Dell Alienware x14 R2 Gaming Laptop,78086,intel,core i7,10,16,1024,nvidia,FALSE,14,windows
dell,Dell Alienware x15 R2 D569947WIN9 Gaming Laptop,84844,intel,core i9,14,32,1024,nvidia,FALSE,15.6,windows
dell,Dell G15-5520 2023 Laptop,29446,intel,core i5,12,16,1024,nvidia,FALSE,15.6,windows
dell,Dell G15-5520 Gaming Laptop,26216,intel,core i5,12,8,512,nvidia,FALSE,15.6,windows
dell,Dell G15-5520 Laptop,25930,intel,core i5,12,16,512,nvidia,FALSE,15.6,windows
dell,Dell G15-5530 15 2023 Gaming Laptop,40086,intel,core i7,14,16,1024,nvidia,FALSE,15.6,windows
dell,Dell G15-5530 2023 Gaming Laptop,49396,intel,core i7,14,16,512,nvidia,FALSE,15.6,windows
dell,Dell G15-5530 GN553064GRM002ORB1 Gaming Laptop,30932,intel,core i5,10,8,512,nvidia,FALSE,15.6,windows
dell,Dell G15-5530 GN5530D83M6002ORB1 Gaming Laptop,30890,intel,core i5,10,16,512,nvidia,FALSE,15.6,windows
dell,Dell G15-5530 Gaming 2023 Laptop,56730,intel,core i7,14,16,512,nvidia,FALSE,15.6,windows
dell,Dell G15-5530 Gaming Laptop,31916,intel,core i5,10,16,1024,nvidia,FALSE,15.6,windows
dell,Dell G16 7630 Gaming Laptop,79226,intel,core i9,24,16,1024,nvidia,FALSE,16,windows
dell,Dell G16-7630 2023 Gaming Laptop,60036,intel,core i7,14,16,1024,nvidia,FALSE,16,windows
dell,Dell G16-7630 Gaming Laptop,71436,intel,core i9,24,16,1024,nvidia,FALSE,16,windows
dell,Dell Inspiron 13 5330 Laptop,37616,intel,core i7,12,16,1024,intel,FALSE,13.3,windows
dell,Dell Inspiron 14 5430 2023 Laptop,24890,intel,core i5,10,8,1024,intel,FALSE,14,windows
dell,Dell Inspiron 15 3511 IN35117W5CCS01ORB1 Laptop,25850,intel,core i5,4,8,512,intel,FALSE,15.6,windows
dell,Dell Inspiron 15 3520 IN352092K4N001ORS1 Laptop,21614,intel,core i5,10,16,512,intel,FALSE,15.6,windows
dell,Dell Inspiron 15 3530 Laptop,16336,intel,core i3,5,8,512,intel,FALSE,15.6,windows
dell,Dell Inspiron 16 5635 Laptop,21276,amd,ryzen 5,6,8,512,amd,FALSE,16,windows
dell,Dell Inspiron 2023 14 5430 Laptop,28116,intel,core i5,10,16,1024,intel,FALSE,14,windows
dell,Dell Inspiron 3501 Laptop,19835,intel,core i5,4,8,1024,intel,FALSE,15.6,windows
dell,Dell Inspiron 3520 15 Laptop,19376,intel,core i5,10,8,512,intel,FALSE,15.6,windows
dell,Dell Inspiron 3520 D560872WIN9S Laptop,21774,intel,core i5,10,16,512,intel,FALSE,15.6,windows
dell,Dell Inspiron 3520 D560896WIN9B Laptop,13296,intel,core i3,6,8,512,intel,FALSE,15.6,windows
dell,Dell Inspiron 3520 IN3520KTMFJ001ORS1 Laptop,14166,intel,core i3,2,8,512,intel,FALSE,15.6,windows
dell,Dell Inspiron 3520 IN3520KTMFJS01ORS1 Laptop,19565,intel,core i3,2,8,512,intel,FALSE,15.6,windows
dell,Dell Inspiron 3520 IN3520P9K46002ORS1 Laptop,14436,intel,core i3,6,8,512,intel,FALSE,15.6,windows
dell,Dell Inspiron 3520 IN3520RVTGV001ORB1 Laptop,13296,intel,core i3,2,8,512,intel,FALSE,15.6,windows
dell,Dell Inspiron 3520 Laptop,19000,intel,core i5,10,8,512,intel,FALSE,15.6,windows
dell,Dell Inspiron 3525 D560771WIN9S Laptop,17096,amd,ryzen 5,6,8,512,amd,FALSE,15.6,windows
dell,Dell Inspiron 3525 D560927WIN9S Laptop,15538,amd,ryzen 5,6,8,512,amd,FALSE,15.6,windows
dell,Dell Inspiron 3525 Laptop,14911,amd,ryzen 5,6,8,512,amd,FALSE,15.6,windows
dell,Dell Inspiron 3530 15 Laptop,25076,intel,core i5,10,16,1024,intel,FALSE,15.6,windows
dell,Dell Inspiron 3530 2023 Laptop,17430,intel,core i3,5,8,1024,intel,FALSE,15.6,windows
dell,Dell Inspiron 3530 IN3530RMD8W001ORS1 Laptop,25076,intel,core i5,10,16,1024,intel,FALSE,15.6,windows
dell,Dell Inspiron 3530 IN3530RW8JY001ORS1 Laptop,22796,intel,core i5,10,8,1024,intel,FALSE,15.6,windows
dell,Dell Inspiron 3530 Laptop,23556,intel,core i5,10,8,512,intel,FALSE,15.6,windows
dell,Dell Inspiron 3535 2023 Laptop,18236,amd,ryzen 5,4,8,1024,amd,FALSE,15.6,windows
dell,Dell Inspiron 3535 Laptop,13957,amd,ryzen 3,4,8,512,amd,FALSE,15.6,windows
dell,Dell Inspiron 5330 2023 Laptop,33246,intel,core i5,12,16,1024,intel,FALSE,13.3,windows
dell,Dell Inspiron 5330 Laptop,32106,intel,core i5,12,16,512,intel,FALSE,13.3,windows
dell,Dell Inspiron 5370 Laptop,33436,intel,core i7,4,8,256,nvidia,FALSE,13.3,windows
dell,Dell Inspiron 5420 Laptop,26599,intel,core i5,12,16,512,intel,FALSE,14,windows
dell,Dell Inspiron 5425 Laptop  84 votes,25798,amd,ryzen 7,8,16,512,amd,FALSE,14,windows
dell,Dell Inspiron 5430 2023 Laptop,33436,intel,core i7,10,16,512,intel,FALSE,14,windows
dell,Dell Inspiron 5430 IN54304D6P9M01ORS1 Laptop,33812,intel,core i7,10,16,512,intel,FALSE,14,windows
dell,Dell Inspiron 5430 IN54308DXWP001ORS1 Laptop,32676,intel,core i7,10,16,1024,intel,FALSE,14,windows
dell,Dell Inspiron 5430 IN54308TR2G001ORS1 Laptop,27356,intel,core i5,10,16,512,intel,FALSE,14,windows
dell,Dell Inspiron 5430 IN5430FR0KC001ORS1 Laptop,23556,intel,core i5,10,8,512,intel,FALSE,14,windows
dell,Dell Inspiron 5430 IN5430YXVW9M01ORS1 Laptop,23556,intel,core i5,10,8,512,intel,FALSE,14,windows
dell,Dell Inspiron 5430 Laptop,32866,intel,core i7,12,16,1024,intel,FALSE,14,windows
dell,Dell Inspiron 5518 D560667WIN9S Laptop,23142,intel,core i5,4,16,512,nvidia,FALSE,15.6,windows
dell,Dell Inspiron 5620 ICC-C783531WIN8 Laptop,30282,intel,core i5,12,16,512,nvidia,FALSE,16,windows
dell,Dell Inspiron 5630 Laptop,27546,intel,core i5,12,16,512,intel,FALSE,16,windows
dell,Dell Inspiron 7420 2in1 Laptop,34386,intel,core i7,10,16,512,intel,TRUE,14,windows
dell,Dell Inspiron 7430 14 2 in 1 Laptop,22758,intel,core i3,6,8,512,intel,TRUE,14,windows
dell,Dell Inspiron 7430 2 in 1 2023 Laptop,21656,intel,core i3,6,8,256,intel,TRUE,14,windows
dell,Dell Inspiron 7430 2 in 1 Laptop,22796,intel,core i3,6,8,1024,intel,TRUE,14,windows
dell,Dell Inspiron 7430 2 in 1 Touch Laptop,33170,intel,core i5,10,16,1024,intel,TRUE,14,windows
dell,Dell Inspiron 7430 2023 2 in 1 Laptop,29446,intel,core i5,10,8,1024,intel,TRUE,14,windows
dell,Dell Inspiron 7430 2023 Laptop,37802,intel,core i7,10,16,1024,intel,TRUE,14,windows
dell,Dell Inspiron 7430 IC7430FD64T001ORS1 Laptop,37806,intel,core i7,10,16,512,intel,TRUE,14,windows
dell,Dell Inspiron 7430 IC7430MH5K0M01ORS1 Laptop,33816,intel,core i5,10,8,512,intel,TRUE,14,windows
dell,Dell Inspiron 7430 IC7430PXXWC001ORS1 Laptop,28116,intel,core i5,10,8,512,intel,TRUE,14,windows
dell,Dell Inspiron 7430 IC7430VVR8C001ORS1 Laptop,30407,intel,core i5,10,16,512,intel,TRUE,14,windows
dell,Dell Latitude 3420 GD723YX17 Laptop,18236,intel,core i5,4,8,512,intel,FALSE,14,ubuntu
dell,Dell Latitude 7440 14 Laptop,57760,intel,core i5,10,16,512,intel,TRUE,14,windows
dell,Dell Vostro 15 3510 2023 Laptop,18236,intel,core i5,4,8,512,intel,FALSE,15.6,windows
dell,Dell Vostro 15 3510 Laptop,14930,intel,core i3,2,8,1024,intel,FALSE,15.6,windows
dell,Dell Vostro 3420 D552317WIN9B Laptop,21242,intel,core i5,10,8,512,intel,FALSE,15.6,windows
dell,Dell Vostro 3420 Laptop,19756,intel,core i5,4,16,512,intel,FALSE,14,windows
dell,Dell Vostro 3425 Laptop,15066,amd,ryzen 5,6,8,512,amd,FALSE,14,windows
dell,Dell Vostro 3425 M552321WIN9S Laptop,19376,amd,ryzen 5,6,16,512,amd,FALSE,14,windows
dell,Dell Vostro 3430 Laptop,15744,intel,core i3,5,8,512,intel,FALSE,14,windows
dell,Dell Vostro 3430 VN3430RHXFG001ORB1 Laptop,22986,intel,core i5,10,8,512,intel,FALSE,14,windows
dell,Dell Vostro 3520 Laptop,21409,intel,core i5,4,8,512,intel,FALSE,15.6,windows
dell,Dell Vostro 3525 D560926WIN9B Laptop,16602,amd,ryzen 5,6,8,512,amd,FALSE,15.6,windows
dell,Dell Vostro 3525 Laptop,14816,amd,ryzen 5,6,8,512,amd,FALSE,15.6,windows
dell,Dell Vostro 3530 Laptop,21656,intel,core i5,10,8,512,intel,FALSE,15.6,windows
dell,Dell Vostro 5620 Laptop,15576,intel,core i3,6,8,512,intel,FALSE,16,windows
dell,Dell Vostro 5620 M552319WIN9S Laptop,33436,intel,core i7,12,16,512,nvidia,FALSE,16,windows
dell,Dell XPS 13 Plus 9320 2023 Laptop,76756,intel,core i7,12,32,1024,intel,TRUE,13.4,windows
dell,Dell XPS 15 9530 Laptop,97846,intel,core i7,14,16,1024,nvidia,TRUE,15.6,windows
dell,Dell XPS 9315 D560076WIN9S Laptop,45448,intel,core i5,10,16,512,intel,TRUE,13,windows
dell,Dell XPS 9530 2023 Laptop,106206,intel,core i7,14,32,1024,nvidia,TRUE,15.6,windows
fujitsu,Fujitsu CH 4ZR1L82434 Laptop,28116,intel,core i7,10,16,512,intel,FALSE,13.3,windows
fujitsu,Fujitsu FMV MH 4ZR1K10326 Laptop,21467,amd,ryzen 7,8,16,512,amd,FALSE,15.6,windows
fujitsu,Fujitsu UH-X 4ZR1L12856 Laptop,37996,intel,core i7,12,16,512,intel,FALSE,14,windows
fujitsu,Fujitsu UH-X 4ZR1L73352 2-in-1 Laptop,41796,intel,core i7,12,16,1024,intel,TRUE,14,windows
fujitsu,Fujitsu UH-X 4ZR1M37246 Laptop,28116,intel,core i5,10,16,512,intel,FALSE,14,windows
gigabyte,Gigabyte G5 KF-E3IN313SH Laptop,34196,intel,core i5,12,8,512,nvidia,FALSE,15.6,windows
gigabyte,Gigabyte G5 MF-F2IN313SH Laptop,27356,intel,core i5,8,16,512,nvidia,FALSE,15.6,windows
hp,HP 14-em0025AU Laptop,14816,amd,ryzen 3,4,8,512,amd,FALSE,14,windows
hp,HP 14-em0026AU Laptop,17096,amd,ryzen 5,4,8,512,amd,FALSE,14,windows
hp,HP 14-em0027AU Laptop,19376,amd,ryzen 5,4,16,512,amd,FALSE,14,windows
hp,HP 14-ep0068TU Laptop,14816,intel,core i3,8,8,512,intel,FALSE,14,windows
hp,HP 14-gr0000TU Laptop,18236,intel,core i3,6,8,512,intel,FALSE,14,windows
hp,HP 14-hr0000AU Laptop,20136,amd,ryzen 5,4,16,512,amd,FALSE,14,windows
hp,HP 14-hr0001AU Laptop,17096,amd,ryzen 5,4,8,512,amd,FALSE,14,windows
hp,HP 14s-dr3002TU Laptop,11016,intel,celeron,2,8,512,intel,FALSE,14,windows
hp,HP 14s-dr3003TU 832T7PA Laptop,10718,intel,pentium,4,8,512,intel,FALSE,14,windows
hp,HP 14s-fq1092au Laptop,15865,amd,ryzen 5,6,8,512,amd,FALSE,14,windows
hp,HP 15-eg3036TU Laptop,34006,intel,core i7,12,16,1024,intel,FALSE,15.6,windows
hp,HP 15-fc0025AU Laptop,12346,amd,ryzen 3,4,8,512,amd,FALSE,15.6,windows
hp,HP 15-fc0026AU Laptop,13296,amd,ryzen 3,4,8,512,amd,FALSE,15.6,windows
hp,HP 15-fc0027AU Laptop,15238,amd,ryzen 3,4,8,512,amd,FALSE,15.6,windows
hp,HP 15-fc0028AU Laptop,16492,amd,ryzen 5,4,8,512,amd,FALSE,15.6,windows
hp,HP 15-fc0030AU Laptop,17666,amd,ryzen 5,4,16,512,amd,FALSE,15.6,windows
hp,HP 15-fd0006TU Laptop,17856,intel,core i3,6,8,512,intel,FALSE,15.6,windows
hp,HP 15-fd0011TU Laptop,22986,intel,core i5,10,8,512,intel,FALSE,15.6,windows
hp,HP 15-fd0012TU Laptop,24924,intel,core i5,10,8,1024,intel,FALSE,15.6,windows
hp,HP 15-fd0013TU Laptop,23556,intel,core i5,10,16,512,intel,FALSE,15.6,windows
hp,HP 15-fd0018TU Laptop,18107,intel,core i3,6,8,512,intel,FALSE,15.6,windows
hp,HP 15-fd0021TU Laptop,23366,intel,core i5,10,8,512,intel,FALSE,15.6,windows
hp,HP 15-fd0024TU Laptop,30244,intel,core i7,12,16,512,intel,FALSE,15.6,windows
hp,HP 15-hr0000TU Laptop,25612,intel,core i5,10,8,512,intel,FALSE,15.6,windows
hp,HP 15-hr0001TU Laptop,24696,intel,core i5,10,16,512,intel,FALSE,15.6,windows
hp,HP 15S-EQ1550AU Laptop,12156,amd,ryzen 3,2,8,512,amd,FALSE,15.6,windows
hp,HP 15S-FQ5202TU Laptop,19684,intel,core i5,10,8,512,intel,FALSE,15.6,windows
hp,HP 15s-EQ2084AU Laptop,19722,amd,ryzen 7,8,16,512,amd,FALSE,15.6,windows
hp,HP 15s-FR5012TU Laptop,15576,intel,core i3,6,8,512,intel,FALSE,15.6,windows
hp,HP 15s-eq1580AU Laptop,12536,amd,ryzen 3,2,8,512,amd,FALSE,15.6,windows
hp,HP 15s-eq2132AU Laptop,16149,amd,ryzen 5,6,16,512,amd,FALSE,15.6,windows
hp,HP 15s-eq2144au Laptop,15389,amd,ryzen 5,6,8,512,amd,FALSE,15.6,windows
hp,HP 15s-eq2223AU Laptop,16412,amd,ryzen 5,6,8,512,amd,FALSE,15.6,windows
hp,HP 15s-er2004AU Laptop,19379,amd,ryzen 7,8,16,512,amd,FALSE,15.6,windows
hp,HP 15s-ey1509AU Laptop,10925,amd,other,2,8,512,amd,FALSE,15.6,windows
hp,HP 15s-ey2001AU Laptop,21276,amd,ryzen 7,8,16,512,amd,FALSE,15.6,windows
hp,HP 15s-fq2673TU Laptop,15431,intel,core i3,2,8,512,intel,FALSE,15.6,windows
hp,HP 15s-fq2717TU Laptop,11814,intel,core i3,2,8,512,intel,FALSE,15.6,windows
hp,HP 15s-fq2738TU Laptop,12915,intel,core i3,2,8,512,intel,FALSE,15.6,windows
hp,HP 15s-fq3066TU Laptop,10636,intel,celeron,2,8,512,intel,FALSE,15.6,windows
hp,HP 15s-fq3071TU Laptop,11206,intel,celeron,2,8,512,intel,FALSE,15,windows
hp,HP 15s-fq3073TU Laptop Intel Pentium Silver N6000/ 8GB/ 512GB SSD/ Win11 Home),12536,intel,pentium,4,8,512,intel,FALSE,15.6,windows
hp,HP 15s-fq5007TU Laptop,14056,intel,core i3,6,8,512,intel,FALSE,15.6,windows
hp,HP 15s-fq5185TU Laptop,15086,intel,core i3,6,8,512,intel,FALSE,15.6,windows
hp,HP 15s-fr2515TU Laptop,13980,intel,core i3,2,8,512,intel,FALSE,15.6,windows
hp,HP 15s-fr4000TU Laptop,18411,intel,core i5,4,8,512,intel,FALSE,15.6,windows
hp,HP 15s-fr4001TU Laptop,19946,intel,core i5,4,16,512,intel,FALSE,15.6,windows
hp,HP 15s-fr5009TU Laptop,15272,intel,core i3,6,8,512,intel,FALSE,15.6,windows
hp,HP 15s-fr5011TU Laptop,20516,intel,core i5,10,16,512,intel,FALSE,15.6,windows
hp,HP 15s-fy5002TU Laptop,20136,intel,core i5,10,8,512,intel,FALSE,15.6,windows
hp,HP 15s-fy5003TU Laptop,15238,intel,core i3,6,8,512,intel,FALSE,15.6,windows
hp,HP 15s-fy5004TU Laptop,16492,intel,core i3,6,16,512,intel,FALSE,15.6,windows
hp,HP 15s-fy5005TU Laptop,16619,intel,core i3,6,8,1024,intel,FALSE,15.6,windows
hp,HP 15s-fy5006TU Laptop,14816,intel,core i3,6,8,512,intel,FALSE,15.6,windows
hp,HP 15s-fy5007TU Laptop,20212,intel,core i5,10,8,512,intel,FALSE,15.6,windows
hp,HP 2023 ZBook Firefly 16 G9 WUXGA Workstation Laptop,50642,intel,core i7,10,16,512,nvidia,FALSE,16,windows
hp,HP 240 G8 689U2PA Business Laptop,13296,intel,core i3,2,8,512,intel,FALSE,14,windows
hp,HP 240 G9 821J4PA Laptop,28499,intel,core i5,10,8,512,intel,FALSE,14,windows
hp,HP 240 G9 8J0S5PA Laptop,20747,intel,core i5,10,8,512,intel,FALSE,14,dos
hp,HP 247 G8 67U77PA Laptop,9496,amd,other,2,8,1024,amd,FALSE,14,windows
hp,HP 247 G8 796Z3PA Laptop,11779,amd,ryzen 3,2,8,512,amd,FALSE,14,dos
hp,HP 247 G8 Laptop,12498,amd,ryzen 3,4,8,512,amd,FALSE,14,windows
hp,HP 250 G8 7M6L7PA Laptop,13258,intel,core i3,2,8,1024,intel,FALSE,15.6,windows
hp,HP 250 G9 7M657PA Laptop,13642,intel,core i3,6,8,512,intel,FALSE,15.6,windows
hp,HP 250 G9 7M659PA Laptop,16906,intel,core i3,6,8,512,intel,FALSE,15.6,windows
hp,HP 250 G9 7N179PA Laptop,23179,intel,core i5,10,8,512,intel,FALSE,15.6,windows
hp,HP 250 G9 95X38PA Laptop,21850,intel,core i5,10,8,512,intel,FALSE,15.6,dos
hp,HP 250 G9 95X40PA Laptop,25569,intel,core i7,10,8,512,intel,FALSE,15.6,dos
hp,HP 255 G8 689T4PA Laptop,10259,amd,ryzen 3,2,8,512,amd,FALSE,15.6,windows
hp,HP 255 G8 6E3Z0PA Laptop,9119,amd,ryzen 3,2,8,512,amd,FALSE,15.6,dos
hp,HP 255 G8 6X4B2PA Laptop,7333,amd,other,2,4,256,amd,FALSE,15.6,dos
hp,HP 255 G8 7J035AA Laptop,12159,amd,ryzen 5,6,8,256,amd,FALSE,15.6,windows
hp,HP 255 G8 Laptop,8736,amd,other,2,4,256,amd,FALSE,15.6,windows
hp,HP 255 G9 7B1L8PA Laptop,14246,amd,ryzen 5,6,8,512,amd,FALSE,15.6,windows
hp,HP 255 G9 7M654PA Laptop,14816,intel,core i3,6,8,512,amd,FALSE,15.6,windows
hp,HP 255 G9 840T7PA Laptop,7333,amd,other,2,4,256,amd,FALSE,15.6,dos
hp,HP 255 G9 841W6PA Laptop,9119,amd,ryzen 3,2,8,512,amd,FALSE,15.6,dos
hp,HP Chromebook 15a-na0008TU Laptop,7976,intel,celeron,2,4,128,intel,FALSE,15.6,chrome
hp,HP Chromebook 15a-na0012TU Laptop,7976,intel,celeron,2,4,128,intel,FALSE,15.6,chrome
hp,HP Chromebook 15a-nb0002TU Laptop,19376,intel,core i3,8,8,256,intel,FALSE,15.6,chrome
hp,HP Chromebook x360 13b-ca0006MU Laptop,15029,other,other,8,8,256,arm,TRUE,13.3,chrome
hp,HP Chromebook x360 14a-ca0505TU Laptop,9876,intel,celeron,4,4,64,intel,TRUE,14,chrome
hp,HP EliteBook 840 G6  Laptop,34376,intel,core i5,4,8,512,intel,FALSE,14,windows
hp,HP Envy 15-fe0030TU Laptop,41796,intel,core i7,10,16,512,intel,TRUE,15.6,windows
hp,HP Envy 15-fe0032TU Laptop,44076,intel,core i7,10,16,1024,intel,TRUE,15.6,windows
hp,HP Envy x360 13-bf0121TU  Laptop,30396,intel,core i5,10,16,512,intel,TRUE,13.4,windows
hp,HP Envy x360 13-bf0141tu Laptop,39913,intel,core i7,10,16,512,intel,TRUE,13.3,windows
hp,HP Envy x360 15-ew0041TU Laptop,31916,intel,core i5,10,16,512,intel,TRUE,15.6,windows
hp,HP Envy x360 15-fe0027TU Laptop,33436,intel,core i5,10,16,512,intel,TRUE,15.6,windows
hp,HP Envy x360 15-fe0028TU Laptop,36704,intel,core i5,10,16,512,intel,TRUE,15.6,windows
hp,HP Envy x360 15-fh0014AU Laptop,30197,amd,ryzen 5,6,8,512,amd,TRUE,15.6,windows
hp,HP Envy x360 15-fh0015AU Laptop,29978,amd,ryzen 5,6,16,512,amd,TRUE,15.6,windows
hp,HP Envy x360 15-fh0016AU Laptop,32942,amd,ryzen 5,6,16,512,amd,TRUE,15.6,windows
hp,HP Envy x360 15-fh0019AU Laptop,33322,amd,ryzen 7,8,16,512,amd,TRUE,15.6,windows
hp,HP Omen 16-XD0007ax Gaming Laptop,42936,amd,ryzen 7,8,16,1024,nvidia,FALSE,16.1,windows
hp,HP Omen 16-k0789TX Gaming Laptop,34579,intel,core i5,12,16,512,nvidia,FALSE,16.1,windows
hp,HP Omen 16-n0123AX Gaming Laptop,45596,amd,ryzen 7,8,16,1024,nvidia,FALSE,16.1,windows
hp,HP Omen 16-u0005TX Gaming Laptop,56236,intel,core i7,16,16,1024,nvidia,FALSE,16.1,windows
hp,HP Omen 16-u0022TX Gaming Laptop,64030,intel,core i7,16,16,512,nvidia,FALSE,16.1,windows
hp,HP Omen 16-u0023TX Gaming Laptop,90933,intel,core i9,24,32,1024,nvidia,FALSE,16.1,windows
hp,HP Omen 16-u0024TX Gaming Laptop,111339,intel,core i9,24,32,2048,nvidia,FALSE,16.1,windows
hp,HP Omen 16-wd0770TX Gaming Laptop,38684,intel,core i5,8,16,512,nvidia,FALSE,16.1,windows
hp,HP Omen 16-wd0880TX Gaming Laptop,36096,intel,core i5,8,16,512,nvidia,FALSE,16.1,windows
hp,HP Omen 16-wd0990TX Gaming Laptop,37239,intel,core i5,8,16,512,nvidia,FALSE,16.1,windows
hp,HP Omen 16-wf0052TX Gaming Laptop,50387,intel,core i5,14,16,512,nvidia,FALSE,16.1,windows
hp,HP Omen 16-wf0055TX Gaming Laptop,53196,intel,core i7,16,16,512,nvidia,FALSE,16.1,windows
hp,HP Omen 16-wf0056TX 834U0PA Gaming Laptop,58136,intel,core i7,16,16,512,nvidia,FALSE,16.1,windows
hp,HP Omen 16-wf0111TX Gaming Laptop,55856,intel,core i7,16,16,1024,nvidia,FALSE,16.1,windows
hp,HP Omen 16-wf1025TX Gaming Laptop,58516,intel,core i7,20,16,1024,nvidia,FALSE,16.1,windows
hp,HP Omen 16-wf1026TX Gaming Laptop,67069,intel,core i7,20,16,1024,nvidia,FALSE,16.1,windows
hp,HP Omen 16-xd0005AX Gaming Laptop,42538,amd,ryzen 7,8,16,1024,nvidia,FALSE,16.1,windows
hp,HP Omen 16-xf0043AX Gaming Laptop,69536,amd,ryzen 9,8,32,1024,nvidia,FALSE,16.1,windows
hp,HP Omen 16-xf0059AX Gaming Laptop,46743,amd,ryzen 7,8,16,512,nvidia,FALSE,16,windows
hp,HP Omen 16-xf0060AX Gaming Laptop,44456,amd,ryzen 7,8,16,1024,nvidia,FALSE,16,windows
hp,HP Omen 17-ck2008AX Gaming Laptop,98609,intel,core i7,16,16,1024,nvidia,FALSE,17.3,windows
hp,HP Omen 17-ck2011TX Gaming Laptop,130150,intel,core i9,24,32,1024,nvidia,FALSE,17.3,windows
hp,HP Omen 17-cm2002TX Gaming Laptop,63079,intel,core i7,16,16,512,nvidia,FALSE,17.3,windows
hp,HP Pavilion 14-dv1043TU Laptop,20405,intel,core i5,4,8,512,intel,FALSE,14,windows
hp,HP Pavilion 14-dv2014TU Laptop,24316,intel,core i5,10,16,512,intel,FALSE,14,windows
hp,HP Pavilion 14-dv2153TU Laptop,26109,intel,core i5,10,16,1024,intel,FALSE,14,windows
hp,HP Pavilion 15-EG2119TU Laptop,23176,intel,core i5,12,12,512,intel,FALSE,15.6,windows
hp,HP Pavilion 15-EH3101AU Laptop,24738,amd,ryzen 7,8,16,512,amd,FALSE,15.6,windows
hp,HP Pavilion 15-eg2009TU Laptop,24316,intel,core i5,12,8,512,intel,FALSE,15.6,windows
hp,HP Pavilion 15-eg2017TU Laptop,19984,intel,core i3,6,8,512,intel,FALSE,15.6,windows
hp,HP Pavilion 15-eg3017TU Laptop,27739,intel,core i5,10,16,1024,intel,FALSE,15.6,windows
hp,HP Pavilion 15-eg3018TU Laptop,28838,intel,core i5,10,16,1024,intel,FALSE,15.6,windows
hp,HP Pavilion 15-eg3027TU Laptop,28702,intel,core i5,12,16,512,intel,FALSE,15.6,windows
hp,HP Pavilion 15-eg3079TU Laptop,27747,intel,core i5,12,16,512,intel,FALSE,15.6,windows
hp,HP Pavilion 15-eg3081TU Laptop,27359,intel,core i5,12,16,512,intel,FALSE,15.6,windows
hp,HP Pavilion 15-eh2050AU Laptop,16606,amd,ryzen 5,6,8,512,amd,FALSE,15.6,windows
hp,HP Pavilion 15s-fq5013nia Laptop,22036,intel,core i5,10,8,512,intel,FALSE,15.6,windows
hp,HP Pavilion 15s-fq5112TU Laptop,21659,intel,core i5,10,16,512,intel,FALSE,15.6,windows
hp,HP Pavilion 15s-fq5190TU Laptop,26025,intel,core i7,10,16,512,intel,FALSE,15.6,windows
hp,HP Pavilion Plus 14-eh1022TU Laptop,29647,intel,core i5,12,16,512,intel,FALSE,14,windows
hp,HP Pavilion Plus 14-eh1047TU Laptop,40949,intel,core i7,14,16,512,intel,FALSE,14,windows
hp,HP Pavilion Plus 14-ey0789AU Laptop,35184,amd,ryzen 7,8,16,1024,amd,FALSE,14,windows
hp,HP Pavilion x360 14-ek1010TU Laptop,29601,intel,core i5,10,16,1024,intel,TRUE,14,windows
hp,HP Pavilion x360 14-ek1020TU Laptop,34986,intel,core i7,10,16,512,intel,TRUE,14,windows
hp,HP Pavilion x360 14-ek1021TU Laptop,34461,intel,core i7,10,16,512,intel,TRUE,14,windows
hp,HP Pavilion x360 14-ek1074TU Laptop,29678,intel,core i5,10,16,512,intel,TRUE,14,windows
hp,HP ProBook 440 G8 5D6U3PA Notebook PC,26980,intel,core i5,4,8,512,intel,FALSE,14,windows
hp,HP ProBook 440 G9 6J8T1PA Laptop,44840,intel,core i7,10,16,512,intel,FALSE,14,windows
hp,HP ProBook 440 G9 821M3PA Laptop,29107,intel,core i5,10,16,512,intel,FALSE,14,windows
hp,HP ProBook 445 G8 7K2J8PA Business Laptop,17441,amd,ryzen 7,8,8,512,amd,FALSE,14,dos
hp,HP ProBook 445 G8 Business Laptop,17856,amd,ryzen 7,8,8,512,amd,FALSE,14,windows
hp,HP Spectre x360 14-ef0075TU Laptop,58899,intel,core i7,10,16,1024,intel,TRUE,13.5,windows
hp,HP Spectre x360 14-ef2036TU Laptop,59013,intel,core i7,10,16,512,intel,TRUE,13.5,windows
hp,HP Spectre x360 14-eu0556TU Laptop,63042,intel,core ultra 7,16,32,1024,intel,TRUE,14,windows
hp,HP Spectre x360 14-eu0666TU Laptop,63042,intel,core ultra 7,16,32,1024,intel,TRUE,14,windows
hp,HP Spectre x360 16-aa0665TU Laptop,76889,intel,core ultra 7,16,32,2048,intel,TRUE,16,windows
hp,HP Spectre x360 16-f2002TU Laptop,55441,intel,core i7,14,16,1024,intel,TRUE,16,windows
hp,HP Spectre x360 2023 13.5-ef2033TU Laptop,52634,intel,core i7,10,16,1024,intel,TRUE,13.5,windows
hp,HP Spectre x360 2023 13.5-ef2034TU Laptop,54653,intel,core i7,10,32,1024,intel,TRUE,13.5,windows
hp,HP Victus  15-fa1060TX  Gaming Laptop,37999,intel,core i5,12,16,512,nvidia,FALSE,15.6,windows
hp,HP Victus 15-FA1098TX Laptop,23176,intel,core i5,8,8,512,nvidia,FALSE,15.6,windows
hp,HP Victus 15-FB0142AX Gaming Laptop,28481,amd,ryzen 5,6,16,512,nvidia,FALSE,15.6,windows
hp,HP Victus 15-FB1001AX Gaming Laptop,20706,amd,ryzen 5,6,8,512,nvidia,FALSE,15.6,windows
hp,HP Victus 15-fa0070TX Laptop,22036,intel,core i5,8,8,512,nvidia,FALSE,15.6,windows
hp,HP Victus 15-fa0092TX Gaming Laptop,26596,intel,core i5,8,16,512,nvidia,FALSE,15.6,windows
hp,HP Victus 15-fa0187TX Gaming Laptop,35264,intel,core i7,10,16,1024,nvidia,FALSE,15.6,windows
hp,HP Victus 15-fa0555TX  Laptop,26907,intel,core i5,8,16,512,nvidia,FALSE,15.6,windows
hp,HP Victus 15-fa0666TX Gaming Laptop,27356,intel,core i5,8,16,512,nvidia,FALSE,15.6,windows
hp,HP Victus 15-fa0998TX Gaming Laptop,26599,intel,core i5,8,16,512,nvidia,FALSE,15.6,windows
hp,HP Victus 15-fa1062TX Gaming Laptop,33744,intel,core i5,12,16,512,nvidia,FALSE,15.6,windows
hp,HP Victus 15-fa1064TX Gaming Laptop,45372,intel,core i7,14,16,512,nvidia,FALSE,15.6,windows
hp,HP Victus 15-fa1066TX Gaming Laptop,41796,intel,core i7,14,16,512,nvidia,FALSE,15.6,windows
hp,HP Victus 15-fa1132TX Laptop,23176,intel,core i5,8,8,512,nvidia,FALSE,15.6,windows
hp,HP Victus 15-fa1134TX Laptop,37798,intel,core i7,10,16,512,nvidia,FALSE,15.6,windows
hp,HP Victus 15-fa1145TX Gaming Laptop,25456,intel,core i5,8,16,1024,nvidia,FALSE,15.6,windows
hp,HP Victus 15-fb0050AX Gaming Laptop,22750,amd,ryzen 5,6,8,512,nvidia,FALSE,15.6,windows
hp,HP Victus 15-fb0107AX Gaming Laptop,26976,amd,ryzen 7,8,16,512,nvidia,FALSE,15.6,windows
hp,HP Victus 15-fb0108AX Gaming Laptop,19376,amd,ryzen 5,6,8,512,amd,FALSE,15.6,windows
hp,HP Victus 15-fb0121AX Gaming Laptop,19756,amd,ryzen 5,6,8,512,nvidia,FALSE,15.6,windows
hp,HP Victus 15-fb0122AX Gaming Laptop,18996,amd,ryzen 5,6,8,512,nvidia,FALSE,15.6,windows
hp,HP Victus 15-fb0131AX Gaming Laptop,18996,amd,ryzen 5,6,8,512,amd,FALSE,15.6,windows
hp,HP Victus 15-fb0133AX Gaming Laptop,24059,amd,ryzen 5,6,16,512,amd,FALSE,15.6,windows
hp,HP Victus 15-fb0134AX Gaming Laptop,21466,amd,ryzen 5,6,16,512,amd,FALSE,15.6,windows
hp,HP Victus 15-fb0135AX Gaming Laptop,23556,amd,ryzen 5,6,8,512,nvidia,FALSE,15.6,windows
hp,HP Victus 15-fb0136AX Gaming Laptop,24696,amd,ryzen 5,6,16,512,nvidia,FALSE,15.6,windows
hp,HP Victus 15-fb0137AX Gaming Laptop,28116,amd,ryzen 7,8,16,512,nvidia,FALSE,15.6,windows
hp,HP Victus 15-fb0150AX Gaming Laptop,20356,amd,ryzen 5,6,16,512,amd,FALSE,15.6,windows
hp,HP Victus 15-fb0153AX Gaming Laptop,19379,amd,ryzen 5,6,8,512,amd,FALSE,15.6,windows
hp,HP Victus 15-fb0157AX Gaming Laptop,19418,amd,ryzen 5,6,8,512,amd,FALSE,15.6,windows
hp,HP Victus 15-fb0158AX Gaming Laptop,19756,amd,ryzen 5,6,8,512,amd,FALSE,15.6,windows
hp,HP Victus 15-fb0777AX Gaming Laptop,19756,amd,ryzen 5,6,8,512,amd,FALSE,15.6,windows
hp,HP Victus 15-fb1002AX Gaming Laptop,19756,amd,ryzen 5,6,8,512,nvidia,FALSE,15.6,windows
hp,HP Victus 15-fb1016AX  Gaming Laptop,21276,amd,ryzen 5,6,8,512,nvidia,FALSE,15.6,windows
hp,HP Victus 15-fb1017AX Gaming Laptop,21086,amd,ryzen 5,6,16,512,nvidia,FALSE,15.6,windows
hp,HP Victus 15-fb1018AX Gaming Laptop,22066,amd,ryzen 5,6,8,512,nvidia,FALSE,15.6,windows
hp,HP Victus 16-D0314TX Gaming Laptop,24510,intel,core i5,6,16,512,nvidia,FALSE,16.1,windows
hp,HP Victus 16-d0302TX Gaming Laptop,22229,intel,core i5,6,8,512,nvidia,FALSE,16.1,windows
hp,HP Victus 16-d0311TX Gaming Laptop,22036,intel,core i5,6,16,512,nvidia,FALSE,16.1,windows
hp,HP Victus 16-d0333TX Gaming Laptop,24510,intel,core i5,6,16,512,nvidia,FALSE,16.1,windows
hp,HP Victus 16-e0352AX Gaming Laptop,18999,amd,ryzen 5,6,8,512,nvidia,FALSE,16.1,windows
hp,HP Victus 16-s0089AX Gaming Laptop,33094,amd,ryzen 7,8,16,1024,nvidia,FALSE,16.1,windows
hp,HP Victus 16-s0094AX Gaming Laptop,30016,amd,ryzen 7,8,16,1024,nvidia,FALSE,16.1,windows
hp,HP Victus 16-s0095AX Gaming Laptop,31764,amd,ryzen 7,8,16,512,nvidia,FALSE,16.1,windows
hp,HP Victus15-fb0147AX Gaming Laptop,18914,amd,ryzen 5,6,8,512,amd,FALSE,15.6,windows
hp,HP ZBook Firefly 16 G9 2023 Workstation Laptop,45770,intel,core i5,10,16,512,nvidia,FALSE,16,windows
hp,HP ZBook Firefly 16 G9 2023 Workstation PC Laptop,48184,intel,core i5,10,16,1024,nvidia,FALSE,16,windows
hp,HP ZBook Firefly 16 G9 6V2X7PA Workstation PC Laptop,43319,intel,core i7,10,16,1024,intel,FALSE,16,windows
hp,HP ZBook Studio G9 16 WUXGA Workstation Laptop,87422,intel,core i7,14,16,1024,nvidia,FALSE,16,windows
hp,HP Zbook FireFly 14 G8 4F0W6PA Laptop,34199,intel,core i5,4,16,512,intel,FALSE,14,windows
hp,HP Zbook Power G4-A 2023 ZHAN 99 Laptop,43968,amd,ryzen 5,6,16,1024,nvidia,FALSE,15.6,windows
hp,HP Zbook Power G4-A Laptop,49900,amd,ryzen 7,8,16,1024,nvidia,FALSE,15.6,windows
lg,LG Gram 14 2023 14Z90R-G.CH54A2 Laptop,37619,intel,core i5,12,16,512,intel,FALSE,14,windows
lg,LG Gram 14 2023 14Z90R-G.CH75A2 Laptop,44801,intel,core i7,12,16,512,intel,FALSE,14,windows
lg,LG Gram 16T90Q-G.AH75A2 Laptop,45029,intel,core i7,12,16,512,intel,TRUE,16,windows
lg,LG Gram Style 14 14Z90RS-G.CH74A2 Laptop,57379,intel,core i7,12,16,512,intel,FALSE,14,windows
lg,LG UltraPC 16 16U70R-G.AH56A2 Laptop,29753,amd,ryzen 5,6,16,512,amd,TRUE,16,windows
lg,LG UltraPC 16 16U70R-G.AH76A2 Laptop,34123,amd,ryzen 7,8,16,512,amd,TRUE,16,windows
lg,LG gram360 16 Laptop,57949,intel,core i7,12,16,1024,intel,TRUE,16,windows
lenovo,Lenovo E41-55 82FJ00A0IH Laptop,12916,amd,ryzen 3,2,8,1024,amd,FALSE,14,dos
lenovo,Lenovo E41-55 Laptop,8356,amd,other,2,8,256,amd,FALSE,14,windows
lenovo,Lenovo IdeaPad 1 14IGL7 82V6005EIN Laptop,9496,intel,celeron,2,8,256,intel,FALSE,14,windows
lenovo,Lenovo IdeaPad 1 15ALC7 82R400BSIN Laptop,15196,amd,ryzen 5,6,8,512,amd,FALSE,15.6,windows
lenovo,Lenovo IdeaPad 1 15AMN7 82VG00EQIN Laptop,11472,amd,other,2,8,512,amd,FALSE,15.6,windows
lenovo,Lenovo IdeaPad 1 15AMN7 82VG00ERIN Laptop,12346,amd,ryzen 3,4,8,512,amd,FALSE,15.6,windows
lenovo,Lenovo IdeaPad 1 15AMN7 82VG00J5IN Laptop,15196,amd,ryzen 5,4,8,512,amd,FALSE,15.6,windows
lenovo,Lenovo IdeaPad 1 15IGL7 82V700BSIN Laptop,9800,intel,celeron,2,8,256,intel,FALSE,15.6,windows
lenovo,Lenovo IdeaPad 1 82V6005CIN Laptop,9192,intel,celeron,2,4,256,intel,FALSE,11.6,windows
lenovo,Lenovo IdeaPad 1 82VG00ESIN Laptop,15196,amd,ryzen 5,4,8,512,amd,FALSE,15.6,windows
lenovo,Lenovo IdeaPad 3 15IAU7 82RK00LWIN Laptop,20061,intel,core i5,10,8,512,intel,FALSE,15.6,windows
lenovo,Lenovo IdeaPad 3 15IAU7 82RK00WXIN Laptop,13144,intel,core i3,6,8,256,intel,FALSE,15.6,windows
lenovo,Lenovo IdeaPad 3 15IAU7 82RK00XDIN Laptop,13296,intel,core i3,6,8,256,intel,FALSE,15.6,windows
lenovo,Lenovo IdeaPad 3 15ITL05 81X800N2IN Laptop,13486,intel,core i3,2,8,512,intel,FALSE,15.6,windows
lenovo,Lenovo IdeaPad 3 15ITL6 82H803DNIN Laptop,13866,intel,core i3,2,8,512,intel,FALSE,15.6,windows
lenovo,Lenovo IdeaPad 3 15ITL6 82H803GSIN Laptop,13942,intel,core i3,2,8,512,intel,FALSE,15.6,windows
lenovo,Lenovo IdeaPad 3 82H802L3IN Laptop,13927,intel,core i3,2,8,512,intel,FALSE,15.6,windows
lenovo,Lenovo IdeaPad 3 82H803HRIN Laptop,23936,intel,core i7,4,16,512,intel,FALSE,15.6,windows
lenovo,Lenovo IdeaPad 3 82KU024JIN Laptop,18616,amd,ryzen 7,8,16,512,amd,FALSE,15.6,windows
lenovo,Lenovo IdeaPad 5 15ITL05 82FG01UUIN Laptop,28457,intel,core i7,4,16,512,nvidia,FALSE,15.6,windows
lenovo,Lenovo IdeaPad D330 82H0001YIN Laptop,9496,intel,celeron,4,4,128,intel,TRUE,10.1,windows
lenovo,Lenovo IdeaPad Flex 5 14IRU8 82Y0004TIN Laptop,34200,intel,core i7,10,16,512,intel,TRUE,14,windows
lenovo,Lenovo IdeaPad Flex 5 14IRU8 82Y00051IN Laptop,29712,intel,core i5,10,16,512,intel,TRUE,14,windows
lenovo,Lenovo IdeaPad Flex 5 82R9008FIN Laptop,23556,amd,ryzen 5,6,16,512,amd,TRUE,14,windows
lenovo,Lenovo IdeaPad Flex 5 82R900D4IN Laptop,25076,amd,ryzen 7,8,16,512,amd,TRUE,14,windows
lenovo,Lenovo IdeaPad Flex 5 82R900D9IN Laptop,24696,amd,ryzen 7,8,16,512,amd,TRUE,14,windows
lenovo,Lenovo IdeaPad Flex 5 82XX007KIN Laptop,25076,amd,ryzen 5,6,16,512,amd,TRUE,14,windows
lenovo,Lenovo IdeaPad Flex 5 82Y0004YIN Laptop,22416,intel,core i3,6,8,512,intel,TRUE,14,windows
lenovo,Lenovo IdeaPad Flex 5 82Y00053IN Laptop,33512,intel,core i7,10,16,512,intel,TRUE,14,windows
lenovo,Lenovo IdeaPad Flex 5 Gen 8 82XX0070IN Laptop,25836,amd,ryzen 5,6,16,512,amd,TRUE,14,windows
lenovo,Lenovo IdeaPad Gaming 3 15ACH6 82K2022XIN Laptop,24012,amd,ryzen 7,8,8,512,nvidia,FALSE,15.6,windows
lenovo,Lenovo IdeaPad Gaming 3 15ACH6 82K2022YIN Laptop,23936,amd,ryzen 5,6,8,512,nvidia,FALSE,15.6,windows
lenovo,Lenovo IdeaPad Gaming 3 15ACH6 82K2025JIN Laptop,21808,amd,ryzen 5,6,8,512,nvidia,FALSE,15.6,windows
lenovo,Lenovo IdeaPad Gaming 3 15ACH6 82K20289IN Laptop,19756,amd,ryzen 5,4,8,512,nvidia,FALSE,15.6,windows
lenovo,Lenovo IdeaPad Gaming 3 15IAH7 82S9014KIN Laptop,27356,intel,core i5,8,16,512,nvidia,FALSE,15.6,windows
lenovo,Lenovo IdeaPad Gaming 3 15IAH7 82S9014LIN Laptop,26596,intel,core i5,8,16,512,nvidia,FALSE,15.6,windows
lenovo,Lenovo IdeaPad Gaming 3 15IHU6 82K101GSIN Laptop,18236,intel,core i5,4,8,512,nvidia,FALSE,15.6,windows
lenovo,Lenovo IdeaPad Gaming 3 15IHU6 82K101PBIN Laptop,19756,intel,core i5,4,8,512,nvidia,FALSE,15.6,windows
lenovo,Lenovo IdeaPad Gaming 3 15IHU6 82K101PCIN Laptop,18996,intel,core i5,4,8,512,nvidia,FALSE,15.6,windows
lenovo,Lenovo IdeaPad Gaming 3 15IHU6 82K101R3IN Laptop,20592,intel,core i5,4,8,512,nvidia,FALSE,15.6,windows
lenovo,Lenovo IdeaPad Gaming 3 15IHU6 82K101R9IN Laptop,21166,intel,core i5,4,8,512,nvidia,FALSE,15.6,windows
lenovo,Lenovo IdeaPad Gaming 3 82K10198IN Laptop,17347,intel,core i5,4,8,512,nvidia,FALSE,15.6,windows
lenovo,Lenovo IdeaPad Gaming 3 82K101LHIN Laptop,20136,intel,core i5,4,16,512,nvidia,FALSE,15.6,windows
lenovo,Lenovo IdeaPad Gaming 3 82K101LJIN Laptop,20972,intel,core i5,4,16,512,nvidia,FALSE,15.6,windows
lenovo,Lenovo IdeaPad Gaming 3 82K101PCIN Laptop,18996,intel,core i5,4,8,512,nvidia,FALSE,15.6,windows
lenovo,Lenovo IdeaPad Gaming 3 82K201ULIN Laptop,24696,amd,ryzen 5,6,16,512,nvidia,FALSE,15.6,windows
lenovo,Lenovo IdeaPad Gaming 3 82K2022VIN Laptop,22986,amd,ryzen 5,6,8,512,nvidia,FALSE,15.6,windows
lenovo,Lenovo IdeaPad Gaming 3 82K2025LIN Laptop,27736,amd,ryzen 5,6,16,512,nvidia,FALSE,15.6,windows
lenovo,Lenovo IdeaPad Gaming 3 82K2027CIN Laptop,20592,amd,ryzen 5,6,8,512,nvidia,FALSE,15.6,windows
lenovo,Lenovo IdeaPad Gaming 3 82K2028AIN Laptop,18996,amd,ryzen 5,4,8,512,nvidia,FALSE,15.6,windows
lenovo,Lenovo IdeaPad Gaming 3 82SB00V2IN Laptop,23450,amd,ryzen 5,6,8,512,nvidia,FALSE,15.6,windows
lenovo,Lenovo IdeaPad Gaming 3 82SB00V3IN Laptop,24277,amd,ryzen 5,6,16,512,nvidia,FALSE,15.6,windows
lenovo,Lenovo IdeaPad Gaming 3 82SB00V4IN Laptop,24210,amd,ryzen 5,6,8,512,nvidia,FALSE,15.6,windows
lenovo,Lenovo IdeaPad Gaming 3 82SB00V5IN Laptop,26672,amd,ryzen 7,8,8,512,nvidia,FALSE,15.6,windows
lenovo,Lenovo IdeaPad Gaming 3 Gen 6 82K2028QIN Laptop,19719,amd,ryzen 5,4,8,512,nvidia,FALSE,15.6,windows
lenovo,Lenovo IdeaPad Gaming 3i 82K101GTIN Laptop,22363,intel,core i5,4,8,512,nvidia,FALSE,15.6,windows
lenovo,Lenovo IdeaPad Pro 5 83AQ005SIN Gaming Laptop,41492,intel,core i7,14,16,1024,nvidia,FALSE,16,windows
lenovo,Lenovo IdeaPad Slim 1 82R400BGIN Laptop,13866,amd,ryzen 5,6,8,512,amd,FALSE,15.6,windows
lenovo,Lenovo IdeaPad Slim 1 82VG00EVIN Laptop,12536,amd,ryzen 3,4,8,512,amd,FALSE,15.6,windows
lenovo,Lenovo IdeaPad Slim 3 2023 82X70033IN Laptop,17096,intel,core i3,5,8,512,intel,FALSE,15.6,windows
lenovo,Lenovo IdeaPad Slim 3 82H803B6IN Laptop,19798,intel,core i7,4,16,512,intel,FALSE,15.6,windows
lenovo,Lenovo IdeaPad Slim 3 82H803HPIN Laptop,18616,intel,core i5,4,16,512,intel,FALSE,15.6,windows
lenovo,Lenovo IdeaPad Slim 3 82H803HQIN Laptop,17096,intel,core i5,4,8,512,intel,FALSE,15.6,windows
lenovo,Lenovo IdeaPad Slim 3 82H803LKIN Laptop,18046,intel,core i5,4,16,512,intel,FALSE,15.6,windows
lenovo,Lenovo IdeaPad Slim 3 82H803U0IN Laptop,12156,intel,core i3,2,8,256,intel,FALSE,15.6,windows
lenovo,Lenovo IdeaPad Slim 3 82KU0238IN Laptop,15576,amd,ryzen 5,6,16,512,amd,FALSE,15.6,windows
lenovo,Lenovo IdeaPad Slim 3 82RK00VVIN Laptop,14056,intel,core i3,6,8,512,intel,FALSE,15.6,windows
lenovo,Lenovo IdeaPad Slim 3 82RK00VWIN Laptop,14075,intel,core i3,6,8,512,intel,FALSE,15.6,windows
lenovo,Lenovo IdeaPad Slim 3 82RK011DIN Laptop,12536,intel,core i3,6,8,256,intel,FALSE,15.6,windows
lenovo,Lenovo IdeaPad Slim 3 82X60013IN Laptop,17096,intel,core i3,5,8,512,intel,FALSE,15.6,windows
lenovo,Lenovo IdeaPad Slim 3 82XQ008EIN Laptop,12726,amd,ryzen 3,4,8,512,amd,FALSE,15.6,windows
lenovo,Lenovo IdeaPad Slim 3 82XQ008GIN Laptop,15424,amd,ryzen 5,4,8,512,amd,FALSE,15.6,windows
lenovo,Lenovo IdeaPad Slim 3 82XQ008UIN Laptop,15956,amd,ryzen 5,4,8,512,amd,FALSE,15.6,windows
lenovo,Lenovo IdeaPad Slim 3 82XQ008VIN Laptop,16716,amd,ryzen 5,4,16,512,amd,FALSE,15.6,windows
lenovo,Lenovo IdeaPad Slim 3 82XQ0096IN Laptop,17096,amd,ryzen 5,4,16,512,amd,FALSE,15.6,windows
lenovo,Lenovo IdeaPad Slim 3 83ER008DIN Laptop,21656,intel,core i5,8,16,512,intel,FALSE,15.6,windows
lenovo,Lenovo IdeaPad Slim 3i 82RK011EIN Laptop,23936,intel,core i7,10,16,512,intel,FALSE,15.6,windows
lenovo,Lenovo IdeaPad Slim 3i 82X70032IN Laptop,16149,intel,core i3,5,8,512,intel,FALSE,15.6,windows
lenovo,Lenovo IdeaPad Slim 5 14IAH8 83BF000UIN Laptop,22872,intel,core i5,8,16,512,intel,FALSE,14,windows
lenovo,Lenovo IdeaPad Slim 5 14IAH8 83BF0043IN Laptop,23556,intel,core i5,8,16,1024,intel,FALSE,14,windows
lenovo,Lenovo IdeaPad Slim 5 14IAH8 83BF0045IN Laptop,24316,intel,core i5,8,16,1024,intel,FALSE,14,windows
lenovo,Lenovo IdeaPad Slim 5 16IAH8 83BG000PIN Laptop,23632,intel,core i5,8,16,512,intel,FALSE,16,windows
lenovo,Lenovo IdeaPad Slim 5 16IRL8 82XF003GIN Laptop,26672,intel,core i5,12,16,512,intel,FALSE,16,windows
lenovo,Lenovo IdeaPad Slim 5 16IRL8 82XF003JIN Laptop,31992,intel,core i7,14,16,512,intel,FALSE,16,windows
lenovo,Lenovo IdeaPad Slim 5 82FG01B3IN Laptop,20102,intel,core i5,4,16,512,intel,FALSE,15.6,windows
lenovo,Lenovo IdeaPad Slim 5 82XD003NIN Laptop,25532,intel,core i5,8,16,512,intel,FALSE,14,windows
lenovo,Lenovo IdeaPad Slim 5 82XD003PIN Laptop,26407,intel,core i5,8,16,512,intel,FALSE,14,windows
lenovo,Lenovo IdeaPad Slim 5 82XD005RIN Laptop,26672,intel,core i5,8,16,512,intel,FALSE,14,windows
lenovo,Lenovo IdeaPad Slim 5 82XE004RIN Laptop,22416,amd,ryzen 5,6,16,512,amd,FALSE,14,windows
lenovo,Lenovo IdeaPad Slim 5 82XE0072IN Laptop,24392,amd,ryzen 7,8,16,512,amd,FALSE,14,windows
lenovo,Lenovo IdeaPad Slim 5i 82XD0040IN Laptop,33056,intel,core i7,10,16,512,intel,FALSE,14,windows
lenovo,Lenovo IdeaPad Slim 5i 82XF003CIN Laptop,26824,intel,core i5,12,16,512,intel,FALSE,16,windows
lenovo,Lenovo IdeaPad Slim 5i 82XF003DIN Laptop,34157,intel,core i7,14,16,512,intel,FALSE,16,windows
lenovo,Lenovo IdeaPad Slim 5i 83BG000DIN Laptop,23506,intel,core i5,8,16,512,intel,FALSE,16,windows
lenovo,Lenovo Ideapad 3 15ITL06 82H803GUIN Laptop,14060,intel,core i3,2,8,512,intel,FALSE,15.6,windows
lenovo,Lenovo Ideapad Flex 5 14IAU7 82R700KHIN Laptop,20896,intel,core i3,6,8,512,intel,TRUE,14,windows
lenovo,Lenovo Ideapad Gaming 3 15ACH6 82K20145IN Laptop,30780,amd,ryzen 7,8,16,512,nvidia,FALSE,15.6,windows
lenovo,Lenovo Ideapad Gaming 3 15ARH7 82SB00QJIN Laptop,26216,amd,ryzen 5,6,8,512,nvidia,FALSE,15.6,windows
lenovo,Lenovo Ideapad Gaming 3 82SB00NXIN Laptop,21656,amd,ryzen 5,6,16,512,nvidia,FALSE,15.6,windows
lenovo,Lenovo Ideapad Slim 3 15ITL05 81X800N1IN Laptop,14250,intel,core i3,2,8,512,intel,FALSE,15.6,windows
lenovo,Lenovo Ideapad Slim 5 82XD006GIN Laptop,28116,intel,core i5,8,16,1024,intel,FALSE,14,windows
lenovo,Lenovo Ideapad Slim 5 82XE004QIN Laptop,25227,amd,ryzen 5,6,16,512,amd,FALSE,14,windows
lenovo,Lenovo Ideapad Slim 5 82XF007CIN Laptop,27356,intel,core i5,12,16,1024,intel,FALSE,16,windows
lenovo,Lenovo LOQ 15APH8 82XT004HIN 2023 Gaming Laptop,33640,amd,ryzen 7,8,16,512,nvidia,FALSE,15.6,windows
lenovo,Lenovo LOQ 15APH8 82XT004JIN 2023 Gaming Laptop,37996,amd,ryzen 7,8,16,512,nvidia,FALSE,15.6,windows
lenovo,Lenovo LOQ 15APH8 82XT004KIN Gaming Laptop,41006,amd,ryzen 7,8,16,512,nvidia,FALSE,15.6,windows
lenovo,Lenovo LOQ 15APH8 82XT009CIN 2023 Gaming Laptop,41796,amd,ryzen 7,8,16,512,nvidia,FALSE,15.6,windows
lenovo,Lenovo LOQ 15IRH8 82XV00BQIN 2023 Gaming Laptop,37996,intel,core i7,10,16,512,nvidia,FALSE,15.6,windows
lenovo,Lenovo LOQ 15IRH8 82XV00BRIN 2023 Gaming Laptop,43696,intel,core i7,10,16,512,nvidia,FALSE,15.6,windows
lenovo,Lenovo LOQ 15IRH8 82XV00F4IN 2023 Gaming Laptop,25456,intel,core i5,8,16,512,nvidia,FALSE,15.6,windows
lenovo,Lenovo LOQ 15IRH8 82XV00F5IN 2023 Gaming Laptop,30396,intel,core i5,8,16,512,nvidia,FALSE,15.6,windows
lenovo,Lenovo LOQ 15IRH8 82XV00F6IN 2023 Gaming Laptop,34766,intel,core i5,8,16,512,nvidia,FALSE,15.6,windows
lenovo,Lenovo LOQ 15IRH8 82XV00F7IN 2023 Gaming Laptop,37236,intel,core i5,8,16,512,nvidia,FALSE,15.6,windows
lenovo,Lenovo Legion 5 82JU00SYIN Laptop,37996,amd,ryzen 7,8,16,1024,nvidia,FALSE,16,windows
lenovo,Lenovo Legion 5 Pro 82JQ010EIN Laptop,39290,amd,ryzen 7,8,16,512,nvidia,FALSE,16,windows
lenovo,Lenovo Legion Pro 5 16IRX8 82WK00MWIN Gaming Laptop,58136,intel,core i7,16,16,1024,nvidia,FALSE,16,windows
lenovo,Lenovo Legion Pro 5 82WM00B7IN Gaming Laptop,62392,amd,ryzen 7,8,16,1024,nvidia,FALSE,16,windows
lenovo,Lenovo Legion Pro 7 2023 82WQ007TIN Gaming Laptop,113616,intel,core i9,24,32,1024,nvidia,FALSE,16,windows
lenovo,Lenovo Legion Pro 7 82WQ007UIN Gaming Laptop,136456,intel,core i9,24,32,1024,nvidia,FALSE,16,windows
lenovo,Lenovo Legion Slim 5 16APH8 82Y90042IN Gaming Laptop,49016,amd,ryzen 7,8,16,512,nvidia,FALSE,16,windows
lenovo,Lenovo Legion Slim 5 16APH8 82Y9008MIN Gaming Laptop,52246,amd,ryzen 7,8,16,512,nvidia,FALSE,16,windows
lenovo,Lenovo Legion Slim 5 82Y9009JIN Gaming Laptop,50232,amd,ryzen 7,8,16,1024,nvidia,FALSE,16,windows
lenovo,Lenovo Legion Slim 5 82Y9009KIN Gaming Laptop,43316,amd,ryzen 7,8,16,512,nvidia,FALSE,16,windows
lenovo,Lenovo Legion Slim 5 82YA00DXIN Gaming Laptop,52892,intel,core i7,10,16,1024,nvidia,FALSE,16,windows
lenovo,Lenovo Legion Slim 7 16IRH8 82Y3007QIN Gaming Laptop,70676,intel,core i9,14,16,1024,nvidia,FALSE,16,windows
lenovo,Lenovo S14 82TW0019IH Laptop,17856,intel,core i5,10,8,512,intel,FALSE,14,windows
lenovo,Lenovo S14 Gen 3 82TW000VIH Laptop,17856,intel,core i5,10,8,512,intel,FALSE,14,dos
lenovo,Lenovo S14 Gen 3 82TW001CIH Laptop,20136,intel,core i5,10,8,512,intel,FALSE,14,windows
lenovo,Lenovo S14 Gen 3 82TW001DIH Laptop,18236,intel,core i5,10,8,512,intel,FALSE,14,windows
lenovo,Lenovo ThinkBook 14 20VDA0V1IH Laptop,16530,intel,core i3,2,8,512,intel,FALSE,14,dos
lenovo,Lenovo ThinkBook 14 21DH00C1IH Laptop,23939,intel,core i5,10,8,512,intel,FALSE,14,dos
lenovo,Lenovo ThinkBook 15 21JF002CIN Laptop,12501,amd,ryzen 3,4,8,512,amd,FALSE,15.6,dos
lenovo,Lenovo ThinkBook 15 G3 21A4A08WIH Laptop,12726,amd,ryzen 3,4,8,512,amd,FALSE,15.6,windows
lenovo,Lenovo ThinkBook 15 G3 ACL 21A4A08UIH Laptop,15576,amd,ryzen 5,6,8,512,amd,FALSE,15.6,dos
lenovo,Lenovo ThinkBook 15 G3 ACL 21A4A08VIH Laptop,14504,amd,ryzen 5,6,8,512,amd,FALSE,15.6,windows
lenovo,Lenovo ThinkBook 15 G5 21JF002JIN Laptop,13296,amd,ryzen 3,4,8,512,amd,FALSE,15.6,windows
lenovo,Lenovo ThinkBook 15 G5 21JFA00BIN Laptop,18616,amd,ryzen 7,8,8,512,amd,FALSE,15.6,windows
lenovo,Lenovo ThinkBook 15 G5 21JFA00QIN Laptop,18996,amd,ryzen 7,8,8,512,amd,FALSE,15.6,dos
lenovo,Lenovo ThinkBook 15 Gen 5 21JF0026MJ Laptop,20516,amd,ryzen 7,8,16,512,amd,FALSE,16,windows
lenovo,Lenovo ThinkPad E14 21JRS00T00 Laptop,26351,amd,ryzen 5,6,8,512,amd,FALSE,14,windows
lenovo,Lenovo ThinkPad E14 21JRS00U00 Laptop,21546,amd,ryzen 5,6,16,512,amd,FALSE,14,windows
lenovo,Lenovo ThinkPad E14 Gen 4 21E3S06D00 Laptop,18999,intel,core i3,6,8,512,intel,FALSE,14,windows
lenovo,Lenovo ThinkPad E14 Gen 4 21E3S06Q00 Laptop,17290,intel,core i3,6,8,512,intel,FALSE,14,dos
lenovo,Lenovo ThinkPad P14s 21AKS02800 Laptop,46842,intel,core i7,12,16,512,nvidia,FALSE,14,windows
lenovo,Lenovo ThinkPad X1 Carbon 21HMS00000 Laptop,83216,intel,core i7,10,16,1024,intel,FALSE,14,windows
lenovo,Lenovo ThinkPad X1 Fold Gen 1 Laptop,57000,intel,core i5,5,8,1024,intel,TRUE,13.3,windows
lenovo,Lenovo Thinkbook 14 Gen 4 Laptop,28689,intel,core i5,10,16,1024,intel,FALSE,14,windows
lenovo,Lenovo Thinkbook 15 21DJ00EXIH Laptop,20516,intel,core i5,10,8,512,intel,FALSE,15.6,windows
lenovo,Lenovo Thinkbook 15 21DJA049IH Laptop,15576,intel,core i5,10,8,512,intel,FALSE,15.6,windows
lenovo,Lenovo Thinkbook 15 21DJA0D9IH Laptop,22796,intel,core i5,10,16,1024,intel,FALSE,15.6,windows
lenovo,Lenovo Thinkpad E14 20TA00J2IG Laptop,28082,intel,core i5,4,16,512,intel,FALSE,14,windows
lenovo,Lenovo Thinkpad E14 21E3S06300 Laptop,25155,intel,core i5,10,8,512,intel,FALSE,14,dos
lenovo,Lenovo Thinkpad E14 G4 21E3006UIG Laptop,25460,intel,core i5,10,8,512,intel,FALSE,14,dos
lenovo,Lenovo Thinkpad E14 G4 21E3S00P00 Laptop,28462,intel,core i5,10,8,512,intel,FALSE,14,dos
lenovo,Lenovo Thinkpad E14 G4 21E3S02M00 Laptop,47500,intel,core i7,10,16,512,intel,FALSE,14,windows
lenovo,Lenovo Thinkpad E15 21E6S05A00 Laptop,17476,intel,core i3,6,8,512,intel,FALSE,15.6,windows
lenovo,Lenovo Thinkpad E15 21E6S05B00 Laptop,25076,intel,core i5,10,8,512,intel,FALSE,15.6,windows
lenovo,Lenovo Thinkpad E15 21E6S05G00 Laptop,25079,intel,core i5,10,8,512,intel,FALSE,15.6,dos
lenovo,Lenovo Thinkpad E15 21E6S0W700 Laptop,18046,intel,core i3,6,8,512,intel,FALSE,15.6,windows
lenovo,Lenovo Thinkpad E15 G4 21DJA0Y0IN Laptop,20896,intel,core i7,10,16,512,intel,FALSE,15.6,windows
lenovo,Lenovo Thinkpad L14 Gen 2 20X1S10V00 Laptop,18809,intel,core i3,2,8,512,intel,FALSE,14,dos
lenovo,Lenovo Thinkpad P16s 21BTS02000 Laptop,55582,intel,core i7,12,16,1024,nvidia,FALSE,16,windows
lenovo,Lenovo V14 82KAA01QIH Laptop,17856,intel,core i5,4,8,512,intel,FALSE,14,windows
lenovo,Lenovo V14 82KAA04QIH Laptop,17476,intel,core i5,4,8,512,intel,FALSE,14,dos
lenovo,Lenovo V14 82KAA08BIH Laptop,11776,intel,core i3,2,8,512,intel,FALSE,14,dos
lenovo,Lenovo V14 82KAA0AMIH Laptop,17476,intel,core i5,4,8,512,intel,FALSE,14,dos
lenovo,Lenovo V14 G3 82TSA01KIH Laptop,11966,intel,core i3,6,8,512,intel,FALSE,14,dos
lenovo,Lenovo V14 G3 IAP Laptop,13296,intel,core i3,6,8,512,intel,FALSE,14,windows
lenovo,Lenovo V14 G4 Laptop,11396,amd,ryzen 3,4,8,512,amd,FALSE,14,windows
lenovo,Lenovo V14-IGL 82C40185PB Laptop,8356,intel,celeron,2,4,256,intel,FALSE,14,dos
lenovo,Lenovo V15 82KB00RJIH Laptop,17856,intel,core i5,4,16,512,intel,FALSE,15.6,windows
lenovo,Lenovo V15 82KDA01BIH Laptop,10860,amd,ryzen 3,4,8,512,amd,FALSE,15.6,windows
lenovo,Lenovo V15 82QYA00MIN Laptop,8450,intel,celeron,2,8,256,intel,FALSE,15.6,windows
lenovo,Lenovo V15 G2 82KDA022IH Laptop,13638,amd,ryzen 5,6,8,512,amd,FALSE,15.6,windows
lenovo,Lenovo V15 G2 IJL 82QYA00HIN Laptop,8356,intel,celeron,2,8,256,intel,FALSE,15.6,dos
lenovo,Lenovo V15 G3 82C7007SGE Laptop,11396,amd,ryzen 3,4,8,512,amd,FALSE,15.6,windows
lenovo,Lenovo V15 G3 82TTA00VIH Laptop,12692,intel,core i3,6,8,512,intel,FALSE,15.6,windows
lenovo,Lenovo V15 G3 82TTA01EIN Laptop,12236,intel,core i3,6,8,512,intel,FALSE,15.6,dos
lenovo,Lenovo V15 G3 82TTA02UIH Laptop,17856,intel,core i5,10,8,512,intel,FALSE,15.6,windows
lenovo,Lenovo V15 G3 IAP 82TT004VIH Laptop,17286,intel,core i5,10,8,512,intel,FALSE,15.6,dos
lenovo,Lenovo V15 G3 IAP 82TTA00UIH Laptop,12532,intel,core i3,6,8,512,intel,FALSE,15.6,dos
lenovo,Lenovo V15 G3 IAP 82TTA08AIN Laptop,18996,intel,core i7,10,16,512,intel,FALSE,15.6,windows
lenovo,Lenovo V15 G3 IAP Laptop,13296,intel,core i3,6,8,512,intel,FALSE,15.6,windows
lenovo,Lenovo V15 G3 Laptop,17822,intel,core i5,10,8,512,intel,FALSE,15.6,windows
lenovo,Lenovo V15 G4 82YU00W6IN Laptop,10636,amd,ryzen 3,4,8,512,amd,FALSE,15.6,dos
lenovo,Lenovo V15 G4 82YU00W7IN Laptop,10636,amd,ryzen 3,4,8,512,amd,FALSE,15.6,windows
lenovo,Lenovo V15 G4 82YU00W9IN Laptop,13676,amd,ryzen 5,4,8,512,amd,FALSE,15.6,windows
lenovo,Lenovo V15 G4 Laptop,9287,amd,other,2,8,512,amd,FALSE,15.6,windows
lenovo,Lenovo Yoga 6 13ABR8 83B2007UIN Laptop,33056,amd,ryzen 7,8,16,1024,amd,TRUE,13.3,windows
lenovo,Lenovo Yoga 6 82WV0058IN Laptop,29636,intel,core i5,12,16,512,intel,FALSE,14,windows
lenovo,Lenovo Yoga 6 83B2005TIN Laptop,28496,amd,ryzen 5,6,16,512,amd,TRUE,13.3,windows
lenovo,Lenovo Yoga 7 82YL0095IN Laptop,35032,intel,core i5,12,16,1024,intel,TRUE,14,windows
lenovo,Lenovo Yoga 7 82YM0074IN Laptop,36096,amd,ryzen 7,8,16,1024,amd,TRUE,14,windows
lenovo,Lenovo Yoga Book 9i 2023 82YQ001DIN Laptop,85572,intel,core i7,10,16,1024,intel,TRUE,13.3,windows
lenovo,Lenovo Yoga Pro 7 82Y700A2IN Laptop,38072,intel,core i7,14,16,1024,intel,FALSE,14.5,windows
lenovo,Lenovo Yoga Slim 6 14IRH8 83E00007IN Laptop,35412,intel,core i7,14,16,512,intel,FALSE,14,windows
lenovo,Lenovo Yoga Slim 6 14IRH8 83E00015IN Laptop,32296,intel,core i5,12,16,1024,intel,FALSE,14,windows
lenovo,Lenovo Yoga Slim 6 83E00006IN Laptop,30472,intel,core i5,12,16,512,intel,FALSE,14,windows
lenovo,Lenovo Yoga Slim 7i Carbon 13IRP8 83AY003CIN Laptop,46812,intel,core i7,12,16,1024,intel,TRUE,13.3,windows
msi,MSI Bravo 15 B5ED-035IN Gaming Laptop,23556,amd,ryzen 7,8,16,512,amd,FALSE,15.6,windows
msi,MSI Bravo 15 B7ED-011IN Gaming Laptop,30396,amd,ryzen 7,8,16,512,amd,FALSE,15.6,windows
msi,MSI Bravo 15 B7ED-012IN Gaming Laptop,18996,amd,ryzen 5,6,8,512,amd,FALSE,15.6,windows
msi,MSI Bravo 15 C7UCXK-094IN Gaming Laptop,22036,amd,ryzen 5,6,16,512,nvidia,FALSE,15.6,windows
msi,MSI Bravo 15 C7UCXK-095IN Gaming Laptop,20896,amd,ryzen 5,6,8,512,nvidia,FALSE,15.6,windows
msi,MSI Bravo 15 C7UDXK-093IN Gaming Laptop,28496,amd,ryzen 5,6,16,512,nvidia,FALSE,15.6,windows
msi,MSI Bravo 15 C7VEK-088IN Gaming Laptop,36096,amd,ryzen 7,8,16,1024,nvidia,FALSE,15.6,windows
msi,MSI Bravo 15 C7VEK-089IN Gaming Laptop,32296,amd,ryzen 5,6,16,512,nvidia,FALSE,15.6,windows
msi,MSI Bravo 15 C7VFK-087IN Gaming Laptop,39896,amd,ryzen 7,8,16,1024,nvidia,FALSE,15.6,windows
msi,MSI Bravo 17 C7VEK-035IN Gaming Laptop,36096,amd,ryzen 7,8,16,1024,nvidia,FALSE,17.3,windows
msi,MSI Creator M16 A12UD-633IN Laptop,31916,intel,core i7,14,16,512,nvidia,FALSE,16,windows
msi,MSI Creator Pro M16 B13VI-1273IN Gaming Laptop,60582,intel,core i7,14,16,1024,nvidia,FALSE,16,windows
msi,MSI Creator Pro M16 B13VJ-1272IN Gaming Laptop,74700,intel,core i7,14,32,1024,nvidia,FALSE,16,windows
msi,MSI CreatorPro Z16 HX B13VKTO-214IN Laptop,170996,intel,core i9,24,4,2048,nvidia,FALSE,16,windows
msi,MSI Cyborg 15 A12UCX-264IN Gaming Laptop,24886,intel,core i5,8,16,512,nvidia,FALSE,15.6,windows
msi,MSI Cyborg 15 A12VF-049IN Gaming Laptop,42556,intel,core i7,10,16,512,nvidia,FALSE,15.6,windows
msi,MSI GF63 Thin 11SC-1298IN Gaming Laptop,24316,intel,core i7,8,16,1024,nvidia,FALSE,15.6,windows
msi,MSI GF63 Thin 11UC-1294IN Gaming Laptop,25376,intel,core i7,8,16,1024,nvidia,FALSE,15.6,windows
msi,MSI GF63 Thin 11UC-1295IN Gaming Laptop,27736,intel,core i5,6,16,1024,nvidia,FALSE,15.6,windows
msi,MSI GF63 Thin 11UC-1297IN Gaming Laptop,26596,intel,core i5,6,8,1024,nvidia,FALSE,15.6,windows
msi,MSI Katana 15 B12UDXK-1004IN Gaming Laptop,36096,intel,core i7,10,16,512,nvidia,FALSE,15.6,windows
msi,MSI Katana 15 B12UDXK-1005IN Gaming Laptop,25836,intel,core i5,8,16,512,nvidia,FALSE,15.6,windows
msi,MSI Katana 15 B12UDXK-1006IN Gaming Laptop,27736,intel,core i5,8,8,512,nvidia,FALSE,15.6,windows
msi,MSI Katana 15 B12UDXK-1017IN Gaming Laptop,34956,intel,core i7,10,8,512,nvidia,FALSE,15.6,windows
msi,MSI Katana 15 B12UDXK-1019IN Gaming Laptop,33436,intel,core i5,8,16,1024,nvidia,FALSE,15.6,windows
msi,MSI Katana 15 B13UDXK-1482IN Gaming Laptop,28496,intel,core i5,12,32,1024,nvidia,FALSE,15.6,windows
msi,MSI Katana 15 B13VFK-296IN Gaming Laptop,45596,intel,core i7,10,16,1024,nvidia,FALSE,15.6,windows
msi,MSI Katana 17 B12VFK-668IN Gaming Laptop,43696,intel,core i7,10,8,1024,nvidia,FALSE,17.3,windows
msi,MSI Katana 17 B12VGK-672IN Gaming Laptop,56996,intel,core i7,10,16,1024,nvidia,FALSE,17.3,windows
msi,MSI Katana GF66 12UCOK 2023 Gaming Laptop,28116,intel,core i5,8,16,512,nvidia,FALSE,15.6,windows
msi,MSI Modern 14 C11M-029IN Laptop,15196,intel,core i5,4,16,512,intel,FALSE,14,windows
msi,MSI Modern 14 C11M-030IN Laptop,13661,intel,core i5,4,8,512,intel,FALSE,14,windows
msi,MSI Modern 14 C12M-439IN Laptop,18046,intel,core i5,10,16,512,intel,FALSE,14,windows
msi,MSI Modern 14 C12M-440IN Laptop,14436,intel,core i5,10,8,512,intel,FALSE,14,windows
msi,MSI Modern 14 C12M-444IN Laptop,14056,intel,core i3,6,16,512,intel,FALSE,14,windows
msi,MSI Modern 14 C12M-459IN Laptop,20896,intel,core i7,10,16,512,intel,FALSE,14,windows
msi,MSI Modern 14 C12M-670IN Laptop  Price,23176,intel,core i7,10,8,512,intel,FALSE,14,windows
msi,MSI Modern 14 C12M-671IN Laptop,20516,intel,core i7,10,16,512,intel,FALSE,14,windows
msi,MSI Modern 14 C13M-435IN Laptop,23176,intel,core i7,10,16,512,intel,FALSE,14,windows
msi,MSI Modern 14 C13M-436IN Laptop,20516,intel,core i5,10,16,512,intel,FALSE,14,windows
msi,MSI Modern 14 C13M-437IN Laptop,15576,intel,core i5,10,8,512,intel,FALSE,14,windows
msi,MSI Modern 14 C7M-062IN Laptop,16716,amd,ryzen 5,6,16,512,amd,FALSE,14,windows
msi,MSI Modern 14 C7M-063IN Laptop,15956,amd,ryzen 5,6,8,512,amd,FALSE,14,windows
msi,MSI Modern 14 C7M-218IN Laptop,20136,amd,ryzen 7,8,16,512,amd,FALSE,14,windows
msi,MSI Modern 15 B11M-061IN Laptop,15956,intel,core i5,4,16,512,intel,FALSE,15.6,windows
msi,MSI Modern 15 B12M-613IN Laptop,14056,intel,core i3,6,8,512,intel,FALSE,15.6,windows
msi,MSI Modern 15 B13M-289IN Laptop,19224,intel,core i5,10,16,512,intel,FALSE,15.6,windows
msi,MSI Modern 15 B7M-071IN Laptop,18616,amd,ryzen 5,6,16,512,amd,FALSE,15.6,windows
msi,MSI Modern 15 B7M-072IN Laptop,16716,amd,ryzen 5,6,8,512,amd,FALSE,15.6,windows
msi,MSI Prestige 13 Evo A13M-063IN Laptop,35336,intel,core i7,12,16,1024,intel,FALSE,13.3,windows
msi,MSI Prestige 14 Evo B12M-472IN Laptop,31156,intel,core i5,12,16,512,intel,FALSE,14,windows
msi,MSI Prestige 14 Evo B13M-279IN Laptop,33208,intel,core i7,14,16,1024,intel,FALSE,14,windows
msi,MSI Prestige 14H B12UCX-412IN Laptop,34196,intel,core i5,12,16,512,nvidia,FALSE,14,windows
msi,MSI Prestige 16 A13UCX-250IN Laptop,45596,intel,core i7,14,16,1024,nvidia,FALSE,16,windows
msi,MSI Pulse 17 B13VGK-652IN Gaming Laptop,75996,intel,core i9,14,16,1024,nvidia,FALSE,17.3,windows
msi,MSI Pulse 17 B13VGK-666IN Gaming Laptop,56996,intel,core i7,14,8,1024,nvidia,FALSE,17.3,windows
msi,MSI Raider GE68HX 13VG-026IN Gaming Laptop,82076,intel,core i7,16,32,2048,nvidia,FALSE,16,windows
msi,MSI Raider GE68HX 13VG-027IN Gaming Laptop,99176,intel,core i9,24,32,2048,nvidia,FALSE,16,windows
msi,MSI Stealth 14 Studio A13VF-037IN Gaming Laptop,65356,intel,core i7,14,16,1024,nvidia,FALSE,15.6,windows
msi,MSI Stealth 16 Studio A13VF-023IN Gaming Laptop,83596,intel,core i7,14,32,1024,nvidia,FALSE,15.6,windows
msi,MSI Stealth 16 Studio A13VG-030IN Gaming Laptop,94996,intel,core i7,14,32,1024,nvidia,FALSE,16,windows
msi,MSI Stealth 17 Studio A13VG-029IN Gaming Laptop,106396,intel,core i7,14,16,2048,nvidia,FALSE,17.3,windows
msi,MSI Summit E13 Flip Evo A11MT-213IN Laptop,31156,intel,core i7,4,16,512,intel,TRUE,13.4,windows
msi,MSI Summit E13 Flip Evo A11MT-214IN Laptop,26596,intel,core i5,4,16,512,intel,TRUE,13.4,windows
msi,MSI Sword 15 A12UDX-468IN Gaming Laptop,31536,intel,core i5,8,16,1024,nvidia,FALSE,15.6,windows
msi,MSI Sword 15 A12VF-401IN Gaming Laptop,40276,intel,core i7,10,16,1024,nvidia,FALSE,15.6,windows
msi,MSI Thin GF63 11SC-1477IN Gaming Laptop,18236,intel,core i5,6,8,512,nvidia,FALSE,15.6,windows
msi,MSI Thin GF63 11SC-1493IN Gaming Laptop,21276,intel,core i5,6,16,512,nvidia,FALSE,15.6,windows
msi,MSI Thin GF63 11SC-1494IN Gaming Laptop,20136,intel,core i5,6,8,512,nvidia,FALSE,15.6,windows
msi,MSI Thin GF63 11SC-1629IN Gaming Laptop,20896,intel,core i5,6,16,512,nvidia,FALSE,15.6,windows
msi,MSI Thin GF63 11UC-1291IN Gaming Laptop,23936,intel,core i5,6,16,512,nvidia,FALSE,15.6,windows
msi,MSI Thin GF63 11UC-1474IN Gaming Laptop,21656,intel,core i5,6,16,512,nvidia,FALSE,15.6,windows
msi,MSI Thin GF63 11UC-1475IN Gaming Laptop,19756,intel,core i5,6,8,512,nvidia,FALSE,15.6,windows
msi,MSI Thin GF63 11UC-1490IN Gaming Laptop,23936,intel,core i5,6,16,1024,nvidia,FALSE,15.6,windows
msi,MSI Thin GF63 11UC-1494IN Gaming Laptop,25213,intel,core i7,8,16,1024,nvidia,FALSE,15.6,windows
msi,MSI Thin GF63 11UCX-1471IN Gaming Laptop,19376,intel,core i5,6,8,512,nvidia,FALSE,15.6,windows
msi,MSI Thin GF63 11UCX-1492IN Gaming Laptop,23556,intel,core i5,6,16,1024,nvidia,FALSE,15.6,windows
msi,MSI Thin GF63 11UCX-1496IN Gaming Laptop,22416,intel,core i5,6,16,512,nvidia,FALSE,15.6,windows
msi,MSI Thin GF63 11UCX-1497IN Gaming Laptop,21276,intel,core i5,6,8,512,nvidia,FALSE,15.6,windows
msi,MSI Thin GF63 12UC-846IN Gaming Laptop,20136,intel,core i5,8,16,512,nvidia,FALSE,15.6,windows
msi,MSI Thin GF63 12UCX-265IN Gaming Laptop,24772,intel,core i5,8,16,512,nvidia,FALSE,15.6,windows
msi,MSI Thin GF63 12UCX-269IN Gaming Laptop,29256,intel,core i5,8,16,1024,nvidia,FALSE,15.6,windows
msi,MSI Thin GF63 12VE-070IN Gaming Laptop,34956,intel,core i7,10,16,512,nvidia,FALSE,15.6,windows
msi,MSI Thin GF63 12VE-071IN Gaming Laptop,26596,intel,core i5,8,16,512,nvidia,FALSE,15.6,windows
msi,MSI Thin GF63 12VE-267IN Gaming Laptop,33056,intel,core i5,8,16,1024,nvidia,FALSE,15.6,windows
msi,MSI Thin GF63 12VE-664IN Gaming Laptop,36856,intel,core i7,10,16,1024,nvidia,FALSE,15.6,windows
msi,MSI Thin GF63 12VF-268IN Laptop,36856,intel,core i5,8,16,1024,nvidia,FALSE,15.6,windows
msi,MSI Thin GF63 12VF-663IN Gaming Laptop,39896,intel,core i7,10,16,512,nvidia,FALSE,15.6,windows
msi,MSI Vector GP68 HX 13VG-214IN Gaming Laptop,75996,intel,core i7,16,16,1024,nvidia,FALSE,16,windows
msi,MSI Vector GP68HX 13VH-072IN Gaming Laptop,113996,intel,core i9,24,32,1024,nvidia,FALSE,16,windows
microsoft,Microsoft Surface Laptop Go 3,37046,intel,core i5,10,16,256,intel,TRUE,12.4,windows
microsoft,Microsoft Surface Laptop Go 3 XK1-00045,30396,intel,core i5,10,8,256,intel,TRUE,12.4,windows
samsung,Samsung Galaxy Book 3 NP750XFG-KA3IN Laptop,28876,intel,core i7,10,16,512,intel,FALSE,15.6,windows
samsung,Samsung Galaxy Book 3 NP750XFG-KB1IN Laptop,26596,intel,core i5,10,8,512,intel,FALSE,15.6,windows
samsung,Samsung Galaxy Book2 15 Laptop,20896,intel,core i5,10,8,512,intel,FALSE,15.6,windows
samsung,Samsung Galaxy Book2 NP550XED-KA1IN 15 Laptop,17096,intel,core i5,10,8,512,intel,FALSE,15.6,windows
samsung,Samsung Galaxy Book2 NP550XED-KA2IN Laptop,18236,intel,core i5,10,16,512,intel,FALSE,15.6,windows
samsung,Samsung Galaxy Book2 Pro 13 Laptop,24696,intel,core i5,12,16,512,intel,FALSE,13.3,windows
samsung,Samsung Galaxy Book2 Pro 15 Laptop,44456,intel,core i7,8,16,512,intel,FALSE,15.6,windows